category,total_resumes,skill,frequency,percentage
ACCOUNTANT,118,accounting,115,97.46
ACCOUNTANT,118,banking,93,78.81
ACCOUNTANT,118,reconciliation,88,74.58
ACCOUNTANT,118,excel,87,73.73
ACCOUNTANT,118,budgeting,85,72.03
ACCOUNTANT,118,ledger,83,70.34
ACCOUNTANT,118,training,78,66.1
ACCOUNTANT,118,auditing,75,63.56
ACCOUNTANT,118,billing,73,61.86
ACCOUNTANT,118,payroll,72,61.02
ACCOUNTANT,118,financial analysis,71,60.17
ACCOUNTANT,118,taxation,70,59.32
ACCOUNTANT,118,sales,66,55.93
ACCOUNTANT,118,compliance,61,51.69
ACCOUNTANT,118,quickbooks,58,49.15
ACCOUNTANT,118,forecasting,40,33.9
ACCOUNTANT,118,contract drafting,38,32.2
ACCOUNTANT,118,gaap,35,29.66
ACCOUNTANT,118,sap,33,27.97
ACCOUNTANT,118,customer support,30,25.42
ACCOUNTANT,118,cpa,29,24.58
ACCOUNTANT,118,leadership,25,21.19
ACCOUNTANT,118,marketing,18,15.25
ACCOUNTANT,118,public speaking,15,12.71
ACCOUNTANT,118,hr policies,15,12.71
ACCOUNTANT,118,strategy,14,11.86
ACCOUNTANT,118,data entry,11,9.32
ACCOUNTANT,118,networks,11,9.32
ACCOUNTANT,118,recruitment,9,7.63
ACCOUNTANT,118,negotiation,8,6.78
ACCOUNTANT,118,advertising,7,5.93
ACCOUNTANT,118,risk management,7,5.93
ACCOUNTANT,118,sql,6,5.08
ACCOUNTANT,118,interviewing,5,4.24
ACCOUNTANT,118,mentoring,4,3.39
ACCOUNTANT,118,medical records,4,3.39
ACCOUNTANT,118,litigation,4,3.39
ACCOUNTANT,118,photography,3,2.54
ACCOUNTANT,118,portfolio management,3,2.54
ACCOUNTANT,118,clinical,3,2.54
ACCOUNTANT,118,tutoring,3,2.54
ACCOUNTANT,118,performance management,3,2.54
ACCOUNTANT,118,crm,3,2.54
ACCOUNTANT,118,curriculum development,3,2.54
ACCOUNTANT,118,surgery,3,2.54
ACCOUNTANT,118,farming,2,1.69
ACCOUNTANT,118,photoshop,2,1.69
ACCOUNTANT,118,illustrator,2,1.69
ACCOUNTANT,118,merchandising,2,1.69
ACCOUNTANT,118,change management,2,1.69
ACCOUNTANT,118,intellectual property,2,1.69
ACCOUNTANT,118,diagnosis,2,1.69
ACCOUNTANT,118,call center,2,1.69
ACCOUNTANT,118,market research,2,1.69
ACCOUNTANT,118,nutrition planning,2,1.69
ACCOUNTANT,118,conflict resolution,2,1.69
ACCOUNTANT,118,aml,1,0.85
ACCOUNTANT,118,plating,1,0.85
ACCOUNTANT,118,video editing,1,0.85
ACCOUNTANT,118,technical support,1,0.85
ACCOUNTANT,118,graphic design,1,0.85
ACCOUNTANT,118,kitchen management,1,0.85
ACCOUNTANT,118,site supervision,1,0.85
ACCOUNTANT,118,telemarketing,1,0.85
ACCOUNTANT,118,employee relations,1,0.85
ACCOUNTANT,118,legal research,1,0.85
ACCOUNTANT,118,html,1,0.85
ACCOUNTANT,118,client acquisition,1,0.85
ACCOUNTANT,118,food safety,1,0.85
ACCOUNTANT,118,onboarding,1,0.85
ACCOUNTANT,118,electrical circuits,1,0.85
ACCOUNTANT,118,piloting,1,0.85
ACCOUNTANT,118,social media,1,0.85
ACCOUNTANT,118,pharmacology,1,0.85
ACCOUNTANT,118,event planning,1,0.85
ACCOUNTANT,118,business analysis,1,0.85
ACCOUNTANT,118,textiles,1,0.85
ACCOUNTANT,118,patient care,1,0.85
ACCOUNTANT,118,nursing,1,0.85
ACCOUNTANT,118,advocacy,1,0.85
ACCOUNTANT,118,cpr,1,0.85
ADVOCATE,118,training,101,85.59
ADVOCATE,118,customer support,68,57.63
ADVOCATE,118,sales,57,48.31
ADVOCATE,118,excel,54,45.76
ADVOCATE,118,leadership,51,43.22
ADVOCATE,118,compliance,32,27.12
ADVOCATE,118,billing,29,24.58
ADVOCATE,118,data entry,28,23.73
ADVOCATE,118,budgeting,27,22.88
ADVOCATE,118,clinical,26,22.03
ADVOCATE,118,marketing,26,22.03
ADVOCATE,118,recruitment,25,21.19
ADVOCATE,118,litigation,22,18.64
ADVOCATE,118,strategy,21,17.8
ADVOCATE,118,conflict resolution,21,17.8
ADVOCATE,118,payroll,21,17.8
ADVOCATE,118,interviewing,20,16.95
ADVOCATE,118,advocacy,20,16.95
ADVOCATE,118,banking,18,15.25
ADVOCATE,118,public speaking,18,15.25
ADVOCATE,118,nursing,18,15.25
ADVOCATE,118,call center,17,14.41
ADVOCATE,118,contract drafting,17,14.41
ADVOCATE,118,accounting,16,13.56
ADVOCATE,118,patient care,16,13.56
ADVOCATE,118,networks,15,12.71
ADVOCATE,118,diagnosis,15,12.71
ADVOCATE,118,mentoring,14,11.86
ADVOCATE,118,auditing,14,11.86
ADVOCATE,118,cpr,13,11.02
ADVOCATE,118,hr policies,12,10.17
ADVOCATE,118,taxation,11,9.32
ADVOCATE,118,medical records,11,9.32
ADVOCATE,118,client acquisition,11,9.32
ADVOCATE,118,curriculum development,10,8.47
ADVOCATE,118,surgery,10,8.47
ADVOCATE,118,crm,9,7.63
ADVOCATE,118,nutrition planning,9,7.63
ADVOCATE,118,negotiation,9,7.63
ADVOCATE,118,financial analysis,8,6.78
ADVOCATE,118,employee relations,8,6.78
ADVOCATE,118,first aid,7,5.93
ADVOCATE,118,menu planning,7,5.93
ADVOCATE,118,forecasting,7,5.93
ADVOCATE,118,social media,7,5.93
ADVOCATE,118,reconciliation,7,5.93
ADVOCATE,118,advertising,7,5.93
ADVOCATE,118,tutoring,6,5.08
ADVOCATE,118,kitchen management,6,5.08
ADVOCATE,118,merchandising,5,4.24
ADVOCATE,118,pharmacology,5,4.24
ADVOCATE,118,risk management,5,4.24
ADVOCATE,118,culinary arts,5,4.24
ADVOCATE,118,safety management,5,4.24
ADVOCATE,118,special education,5,4.24
ADVOCATE,118,technical support,4,3.39
ADVOCATE,118,sql,4,3.39
ADVOCATE,118,onboarding,4,3.39
ADVOCATE,118,event planning,4,3.39
ADVOCATE,118,painting,4,3.39
ADVOCATE,118,mediation,4,3.39
ADVOCATE,118,html,4,3.39
ADVOCATE,118,market research,4,3.39
ADVOCATE,118,linux,4,3.39
ADVOCATE,118,food preparation,3,2.54
ADVOCATE,118,sketching,3,2.54
ADVOCATE,118,classroom management,3,2.54
ADVOCATE,118,performance management,3,2.54
ADVOCATE,118,electrical circuits,2,1.69
ADVOCATE,118,brand management,2,1.69
ADVOCATE,118,photography,2,1.69
ADVOCATE,118,lesson planning,2,1.69
ADVOCATE,118,change management,2,1.69
ADVOCATE,118,quickbooks,2,1.69
ADVOCATE,118,ledger,2,1.69
ADVOCATE,118,intellectual property,2,1.69
ADVOCATE,118,seo,2,1.69
ADVOCATE,118,sem,2,1.69
ADVOCATE,118,aws,2,1.69
ADVOCATE,118,strength training,2,1.69
ADVOCATE,118,engine tuning,2,1.69
ADVOCATE,118,cyber security,2,1.69
ADVOCATE,118,blueprint reading,1,0.85
ADVOCATE,118,graphic design,1,0.85
ADVOCATE,118,plating,1,0.85
ADVOCATE,118,kinesiology,1,0.85
ADVOCATE,118,agile,1,0.85
ADVOCATE,118,yoga,1,0.85
ADVOCATE,118,sap,1,0.85
ADVOCATE,118,gaap,1,0.85
ADVOCATE,118,photoshop,1,0.85
ADVOCATE,118,python,1,0.85
ADVOCATE,118,javascript,1,0.85
ADVOCATE,118,php,1,0.85
ADVOCATE,118,crisis communication,1,0.85
ADVOCATE,118,media relations,1,0.85
ADVOCATE,118,legal research,1,0.85
ADVOCATE,118,partnership development,1,0.85
ADVOCATE,118,3d modeling,1,0.85
ADVOCATE,118,food safety,1,0.85
ADVOCATE,118,java,1,0.85
ADVOCATE,118,react,1,0.85
ADVOCATE,118,vehicle diagnostics,1,0.85
ADVOCATE,118,grading,1,0.85
AGRICULTURE,63,training,59,93.65
AGRICULTURE,63,leadership,31,49.21
AGRICULTURE,63,excel,27,42.86
AGRICULTURE,63,customer support,19,30.16
AGRICULTURE,63,compliance,17,26.98
AGRICULTURE,63,sales,17,26.98
AGRICULTURE,63,public speaking,17,26.98
AGRICULTURE,63,marketing,16,25.4
AGRICULTURE,63,budgeting,15,23.81
AGRICULTURE,63,mentoring,15,23.81
AGRICULTURE,63,recruitment,13,20.63
AGRICULTURE,63,strategy,11,17.46
AGRICULTURE,63,accounting,11,17.46
AGRICULTURE,63,banking,10,15.87
AGRICULTURE,63,curriculum development,10,15.87
AGRICULTURE,63,nutrition planning,8,12.7
AGRICULTURE,63,social media,8,12.7
AGRICULTURE,63,farming,8,12.7
AGRICULTURE,63,financial analysis,8,12.7
AGRICULTURE,63,soil science,8,12.7
AGRICULTURE,63,cpr,7,11.11
AGRICULTURE,63,livestock,7,11.11
AGRICULTURE,63,auditing,7,11.11
AGRICULTURE,63,data entry,7,11.11
AGRICULTURE,63,networks,6,9.52
AGRICULTURE,63,taxation,6,9.52
AGRICULTURE,63,billing,6,9.52
AGRICULTURE,63,litigation,6,9.52
AGRICULTURE,63,hr policies,6,9.52
AGRICULTURE,63,conflict resolution,5,7.94
AGRICULTURE,63,payroll,5,7.94
AGRICULTURE,63,food safety,5,7.94
AGRICULTURE,63,risk management,5,7.94
AGRICULTURE,63,contract drafting,5,7.94
AGRICULTURE,63,advertising,5,7.94
AGRICULTURE,63,first aid,4,6.35
AGRICULTURE,63,clinical,4,6.35
AGRICULTURE,63,reconciliation,4,6.35
AGRICULTURE,63,nursing,4,6.35
AGRICULTURE,63,tutoring,4,6.35
AGRICULTURE,63,crop management,4,6.35
AGRICULTURE,63,diagnosis,4,6.35
AGRICULTURE,63,grading,4,6.35
AGRICULTURE,63,classroom management,4,6.35
AGRICULTURE,63,lesson planning,4,6.35
AGRICULTURE,63,html,3,4.76
AGRICULTURE,63,medical records,3,4.76
AGRICULTURE,63,sql,3,4.76
AGRICULTURE,63,agile,3,4.76
AGRICULTURE,63,advocacy,3,4.76
AGRICULTURE,63,vehicle diagnostics,3,4.76
AGRICULTURE,63,pest control,3,4.76
AGRICULTURE,63,forecasting,3,4.76
AGRICULTURE,63,sap,3,4.76
AGRICULTURE,63,irrigation,3,4.76
AGRICULTURE,63,negotiation,3,4.76
AGRICULTURE,63,interviewing,3,4.76
AGRICULTURE,63,patient care,3,4.76
AGRICULTURE,63,technical support,2,3.17
AGRICULTURE,63,pharmacology,2,3.17
AGRICULTURE,63,python,2,3.17
AGRICULTURE,63,portfolio management,2,3.17
AGRICULTURE,63,safety management,2,3.17
AGRICULTURE,63,quickbooks,2,3.17
AGRICULTURE,63,kitchen management,2,3.17
AGRICULTURE,63,change management,2,3.17
AGRICULTURE,63,market research,2,3.17
AGRICULTURE,63,photography,2,3.17
AGRICULTURE,63,media relations,2,3.17
AGRICULTURE,63,event planning,2,3.17
AGRICULTURE,63,javascript,2,3.17
AGRICULTURE,63,css,2,3.17
AGRICULTURE,63,cpa,2,3.17
AGRICULTURE,63,process optimization,2,3.17
AGRICULTURE,63,sketching,2,3.17
AGRICULTURE,63,photoshop,2,3.17
AGRICULTURE,63,piloting,2,3.17
AGRICULTURE,63,seo,2,3.17
AGRICULTURE,63,engine tuning,2,3.17
AGRICULTURE,63,video editing,1,1.59
AGRICULTURE,63,intellectual property,1,1.59
AGRICULTURE,63,mediation,1,1.59
AGRICULTURE,63,java,1,1.59
AGRICULTURE,63,aws,1,1.59
AGRICULTURE,63,culinary arts,1,1.59
AGRICULTURE,63,auto repair,1,1.59
AGRICULTURE,63,carpentry,1,1.59
AGRICULTURE,63,masonry,1,1.59
AGRICULTURE,63,gcp,1,1.59
AGRICULTURE,63,ledger,1,1.59
AGRICULTURE,63,illustrator,1,1.59
AGRICULTURE,63,call center,1,1.59
AGRICULTURE,63,php,1,1.59
AGRICULTURE,63,textiles,1,1.59
AGRICULTURE,63,performance management,1,1.59
AGRICULTURE,63,crm,1,1.59
AGRICULTURE,63,onboarding,1,1.59
AGRICULTURE,63,surgery,1,1.59
AGRICULTURE,63,kinesiology,1,1.59
AGRICULTURE,63,legal research,1,1.59
AGRICULTURE,63,linux,1,1.59
AGRICULTURE,63,merchandising,1,1.59
AGRICULTURE,63,blueprint reading,1,1.59
AGRICULTURE,63,cyber security,1,1.59
AGRICULTURE,63,curating,1,1.59
AGRICULTURE,63,strength training,1,1.59
AGRICULTURE,63,nosql,1,1.59
AGRICULTURE,63,ui/ux,1,1.59
AGRICULTURE,63,matlab,1,1.59
AGRICULTURE,63,brake systems,1,1.59
AGRICULTURE,63,menu planning,1,1.59
AGRICULTURE,63,food preparation,1,1.59
AGRICULTURE,63,electrical circuits,1,1.59
AGRICULTURE,63,indesign,1,1.59
AGRICULTURE,63,3d modeling,1,1.59
AGRICULTURE,63,painting,1,1.59
APPAREL,97,sales,86,88.66
APPAREL,97,training,82,84.54
APPAREL,97,customer support,56,57.73
APPAREL,97,merchandising,51,52.58
APPAREL,97,excel,44,45.36
APPAREL,97,marketing,39,40.21
APPAREL,97,leadership,34,35.05
APPAREL,97,budgeting,33,34.02
APPAREL,97,recruitment,28,28.87
APPAREL,97,compliance,26,26.8
APPAREL,97,payroll,24,24.74
APPAREL,97,public speaking,18,18.56
APPAREL,97,billing,17,17.53
APPAREL,97,contract drafting,16,16.49
APPAREL,97,advertising,16,16.49
APPAREL,97,accounting,15,15.46
APPAREL,97,textiles,14,14.43
APPAREL,97,strategy,13,13.4
APPAREL,97,interviewing,13,13.4
APPAREL,97,reconciliation,12,12.37
APPAREL,97,banking,12,12.37
APPAREL,97,social media,12,12.37
APPAREL,97,data entry,12,12.37
APPAREL,97,photoshop,12,12.37
APPAREL,97,negotiation,12,12.37
APPAREL,97,photography,11,11.34
APPAREL,97,forecasting,10,10.31
APPAREL,97,auditing,10,10.31
APPAREL,97,illustrator,10,10.31
APPAREL,97,sketching,9,9.28
APPAREL,97,hr policies,9,9.28
APPAREL,97,networks,8,8.25
APPAREL,97,fashion design,8,8.25
APPAREL,97,quickbooks,8,8.25
APPAREL,97,mentoring,7,7.22
APPAREL,97,3d modeling,6,6.19
APPAREL,97,event planning,6,6.19
APPAREL,97,client acquisition,6,6.19
APPAREL,97,tailoring,6,6.19
APPAREL,97,painting,6,6.19
APPAREL,97,cpr,5,5.15
APPAREL,97,market research,5,5.15
APPAREL,97,sap,5,5.15
APPAREL,97,first aid,4,4.12
APPAREL,97,safety management,4,4.12
APPAREL,97,curriculum development,4,4.12
APPAREL,97,brand management,4,4.12
APPAREL,97,seo,4,4.12
APPAREL,97,taxation,4,4.12
APPAREL,97,financial analysis,4,4.12
APPAREL,97,nursing,4,4.12
APPAREL,97,litigation,4,4.12
APPAREL,97,call center,3,3.09
APPAREL,97,yoga,3,3.09
APPAREL,97,html,3,3.09
APPAREL,97,graphic design,3,3.09
APPAREL,97,media relations,3,3.09
APPAREL,97,pharmacology,3,3.09
APPAREL,97,conflict resolution,3,3.09
APPAREL,97,risk management,3,3.09
APPAREL,97,crm,3,3.09
APPAREL,97,change management,2,2.06
APPAREL,97,intellectual property,2,2.06
APPAREL,97,css,2,2.06
APPAREL,97,indesign,2,2.06
APPAREL,97,electrical circuits,2,2.06
APPAREL,97,sem,2,2.06
APPAREL,97,agile,2,2.06
APPAREL,97,legal research,2,2.06
APPAREL,97,mediation,2,2.06
APPAREL,97,onboarding,2,2.06
APPAREL,97,employee relations,2,2.06
APPAREL,97,business analysis,2,2.06
APPAREL,97,carpentry,2,2.06
APPAREL,97,matlab,1,1.03
APPAREL,97,telemarketing,1,1.03
APPAREL,97,culinary arts,1,1.03
APPAREL,97,food preparation,1,1.03
APPAREL,97,blueprint reading,1,1.03
APPAREL,97,cyber security,1,1.03
APPAREL,97,diagnosis,1,1.03
APPAREL,97,php,1,1.03
APPAREL,97,creative direction,1,1.03
APPAREL,97,react,1,1.03
APPAREL,97,auto repair,1,1.03
APPAREL,97,medical records,1,1.03
APPAREL,97,technical support,1,1.03
APPAREL,97,plc programming,1,1.03
APPAREL,97,vehicle diagnostics,1,1.03
APPAREL,97,cpa,1,1.03
APPAREL,97,piloting,1,1.03
APPAREL,97,menu planning,1,1.03
APPAREL,97,sql,1,1.03
APPAREL,97,strength training,1,1.03
APPAREL,97,personal training,1,1.03
APPAREL,97,nutrition planning,1,1.03
APPAREL,97,brake systems,1,1.03
APPAREL,97,avionics,1,1.03
APPAREL,97,ledger,1,1.03
APPAREL,97,ui/ux,1,1.03
APPAREL,97,surgery,1,1.03
APPAREL,97,special education,1,1.03
APPAREL,97,engine tuning,1,1.03
APPAREL,97,patient care,1,1.03
ARTS,103,training,89,86.41
ARTS,103,sales,50,48.54
ARTS,103,customer support,48,46.6
ARTS,103,leadership,43,41.75
ARTS,103,curriculum development,33,32.04
ARTS,103,marketing,33,32.04
ARTS,103,excel,29,28.16
ARTS,103,budgeting,27,26.21
ARTS,103,public speaking,22,21.36
ARTS,103,recruitment,21,20.39
ARTS,103,mentoring,21,20.39
ARTS,103,social media,20,19.42
ARTS,103,billing,17,16.5
ARTS,103,photoshop,16,15.53
ARTS,103,tutoring,13,12.62
ARTS,103,classroom management,13,12.62
ARTS,103,networks,13,12.62
ARTS,103,contract drafting,13,12.62
ARTS,103,advertising,13,12.62
ARTS,103,accounting,12,11.65
ARTS,103,compliance,11,10.68
ARTS,103,financial analysis,10,9.71
ARTS,103,payroll,10,9.71
ARTS,103,hr policies,10,9.71
ARTS,103,strategy,10,9.71
ARTS,103,auditing,10,9.71
ARTS,103,lesson planning,9,8.74
ARTS,103,negotiation,9,8.74
ARTS,103,banking,8,7.77
ARTS,103,illustrator,8,7.77
ARTS,103,grading,8,7.77
ARTS,103,data entry,8,7.77
ARTS,103,special education,8,7.77
ARTS,103,event planning,8,7.77
ARTS,103,safety management,7,6.8
ARTS,103,cpr,7,6.8
ARTS,103,culinary arts,7,6.8
ARTS,103,clinical,7,6.8
ARTS,103,indesign,6,5.83
ARTS,103,graphic design,6,5.83
ARTS,103,painting,6,5.83
ARTS,103,first aid,6,5.83
ARTS,103,diagnosis,6,5.83
ARTS,103,html,6,5.83
ARTS,103,crm,6,5.83
ARTS,103,technical support,6,5.83
ARTS,103,interviewing,6,5.83
ARTS,103,nursing,6,5.83
ARTS,103,sketching,5,4.85
ARTS,103,medical records,5,4.85
ARTS,103,food preparation,5,4.85
ARTS,103,client acquisition,5,4.85
ARTS,103,food safety,5,4.85
ARTS,103,employee relations,5,4.85
ARTS,103,conflict resolution,5,4.85
ARTS,103,sap,5,4.85
ARTS,103,kitchen management,4,3.88
ARTS,103,electrical circuits,4,3.88
ARTS,103,curating,4,3.88
ARTS,103,piloting,4,3.88
ARTS,103,media relations,4,3.88
ARTS,103,advocacy,4,3.88
ARTS,103,photography,4,3.88
ARTS,103,educational technology,4,3.88
ARTS,103,quickbooks,4,3.88
ARTS,103,onboarding,4,3.88
ARTS,103,nutrition planning,4,3.88
ARTS,103,performance management,4,3.88
ARTS,103,risk management,4,3.88
ARTS,103,patient care,3,2.91
ARTS,103,reconciliation,3,2.91
ARTS,103,litigation,3,2.91
ARTS,103,menu planning,3,2.91
ARTS,103,merchandising,3,2.91
ARTS,103,ui/ux,3,2.91
ARTS,103,change management,3,2.91
ARTS,103,brand management,3,2.91
ARTS,103,surgery,2,1.94
ARTS,103,forecasting,2,1.94
ARTS,103,market research,2,1.94
ARTS,103,plc programming,2,1.94
ARTS,103,cyber security,2,1.94
ARTS,103,taxation,2,1.94
ARTS,103,ruby,2,1.94
ARTS,103,java,2,1.94
ARTS,103,ledger,2,1.94
ARTS,103,intellectual property,2,1.94
ARTS,103,blueprint reading,1,0.97
ARTS,103,video editing,1,0.97
ARTS,103,carpentry,1,0.97
ARTS,103,strength training,1,0.97
ARTS,103,crop management,1,0.97
ARTS,103,mediation,1,0.97
ARTS,103,pharmacology,1,0.97
ARTS,103,3d modeling,1,0.97
ARTS,103,linux,1,0.97
ARTS,103,matlab,1,0.97
ARTS,103,artificial intelligence,1,0.97
ARTS,103,engine tuning,1,0.97
ARTS,103,javascript,1,0.97
ARTS,103,sql,1,0.97
ARTS,103,typography,1,0.97
ARTS,103,plating,1,0.97
ARTS,103,aml,1,0.97
ARTS,103,aws,1,0.97
ARTS,103,brake systems,1,0.97
ARTS,103,talent acquisition,1,0.97
ARTS,103,content creation,1,0.97
AUTOMOBILE,36,training,30,83.33
AUTOMOBILE,36,customer support,22,61.11
AUTOMOBILE,36,sales,21,58.33
AUTOMOBILE,36,excel,14,38.89
AUTOMOBILE,36,compliance,13,36.11
AUTOMOBILE,36,leadership,12,33.33
AUTOMOBILE,36,billing,10,27.78
AUTOMOBILE,36,contract drafting,9,25.0
AUTOMOBILE,36,banking,9,25.0
AUTOMOBILE,36,call center,8,22.22
AUTOMOBILE,36,budgeting,7,19.44
AUTOMOBILE,36,recruitment,7,19.44
AUTOMOBILE,36,interviewing,7,19.44
AUTOMOBILE,36,accounting,6,16.67
AUTOMOBILE,36,marketing,6,16.67
AUTOMOBILE,36,strategy,6,16.67
AUTOMOBILE,36,data entry,6,16.67
AUTOMOBILE,36,litigation,5,13.89
AUTOMOBILE,36,auditing,5,13.89
AUTOMOBILE,36,medical records,5,13.89
AUTOMOBILE,36,mentoring,5,13.89
AUTOMOBILE,36,sql,5,13.89
AUTOMOBILE,36,clinical,4,11.11
AUTOMOBILE,36,engine tuning,4,11.11
AUTOMOBILE,36,negotiation,4,11.11
AUTOMOBILE,36,networks,4,11.11
AUTOMOBILE,36,financial analysis,4,11.11
AUTOMOBILE,36,risk management,3,8.33
AUTOMOBILE,36,public speaking,3,8.33
AUTOMOBILE,36,forecasting,3,8.33
AUTOMOBILE,36,auto repair,3,8.33
AUTOMOBILE,36,safety management,3,8.33
AUTOMOBILE,36,payroll,3,8.33
AUTOMOBILE,36,hr policies,3,8.33
AUTOMOBILE,36,cpr,2,5.56
AUTOMOBILE,36,python,2,5.56
AUTOMOBILE,36,culinary arts,2,5.56
AUTOMOBILE,36,matlab,2,5.56
AUTOMOBILE,36,conflict resolution,2,5.56
AUTOMOBILE,36,photoshop,2,5.56
AUTOMOBILE,36,illustrator,2,5.56
AUTOMOBILE,36,client acquisition,2,5.56
AUTOMOBILE,36,taxation,2,5.56
AUTOMOBILE,36,reconciliation,2,5.56
AUTOMOBILE,36,cyber security,2,5.56
AUTOMOBILE,36,market research,2,5.56
AUTOMOBILE,36,java,2,5.56
AUTOMOBILE,36,painting,2,5.56
AUTOMOBILE,36,crm,2,5.56
AUTOMOBILE,36,technical support,2,5.56
AUTOMOBILE,36,legal counsel,1,2.78
AUTOMOBILE,36,aircraft maintenance,1,2.78
AUTOMOBILE,36,avionics,1,2.78
AUTOMOBILE,36,ledger,1,2.78
AUTOMOBILE,36,flight operations,1,2.78
AUTOMOBILE,36,air traffic control,1,2.78
AUTOMOBILE,36,legal research,1,2.78
AUTOMOBILE,36,mediation,1,2.78
AUTOMOBILE,36,nursing,1,2.78
AUTOMOBILE,36,farming,1,2.78
AUTOMOBILE,36,vehicle diagnostics,1,2.78
AUTOMOBILE,36,first aid,1,2.78
AUTOMOBILE,36,employee relations,1,2.78
AUTOMOBILE,36,curriculum development,1,2.78
AUTOMOBILE,36,onboarding,1,2.78
AUTOMOBILE,36,quickbooks,1,2.78
AUTOMOBILE,36,electrical circuits,1,2.78
AUTOMOBILE,36,social media,1,2.78
AUTOMOBILE,36,brand management,1,2.78
AUTOMOBILE,36,telemarketing,1,2.78
AUTOMOBILE,36,menu planning,1,2.78
AUTOMOBILE,36,machine learning,1,2.78
AUTOMOBILE,36,3d modeling,1,2.78
AUTOMOBILE,36,aerodynamics,1,2.78
AUTOMOBILE,36,solidworks,1,2.78
AUTOMOBILE,36,mechanical design,1,2.78
AUTOMOBILE,36,plc programming,1,2.78
AUTOMOBILE,36,creative direction,1,2.78
AUTOMOBILE,36,tutoring,1,2.78
AUTOMOBILE,36,food preparation,1,2.78
AUTOMOBILE,36,javascript,1,2.78
AUTOMOBILE,36,html,1,2.78
AUTOMOBILE,36,css,1,2.78
AUTOMOBILE,36,agile,1,2.78
AUTOMOBILE,36,sap,1,2.78
AUTOMOBILE,36,aml,1,2.78
AUTOMOBILE,36,advertising,1,2.78
AVIATION,116,training,101,87.07
AVIATION,116,leadership,50,43.1
AVIATION,116,customer support,47,40.52
AVIATION,116,excel,46,39.66
AVIATION,116,compliance,43,37.07
AVIATION,116,budgeting,37,31.9
AVIATION,116,sales,34,29.31
AVIATION,116,aircraft maintenance,26,22.41
AVIATION,116,accounting,24,20.69
AVIATION,116,engine tuning,22,18.97
AVIATION,116,piloting,17,14.66
AVIATION,116,auto repair,17,14.66
AVIATION,116,strategy,16,13.79
AVIATION,116,negotiation,14,12.07
AVIATION,116,networks,14,12.07
AVIATION,116,blueprint reading,13,11.21
AVIATION,116,data entry,13,11.21
AVIATION,116,safety management,13,11.21
AVIATION,116,marketing,13,11.21
AVIATION,116,mentoring,13,11.21
AVIATION,116,billing,12,10.34
AVIATION,116,electrical circuits,12,10.34
AVIATION,116,cpr,12,10.34
AVIATION,116,public speaking,12,10.34
AVIATION,116,contract drafting,11,9.48
AVIATION,116,avionics,10,8.62
AVIATION,116,risk management,10,8.62
AVIATION,116,recruitment,10,8.62
AVIATION,116,financial analysis,8,6.9
AVIATION,116,first aid,8,6.9
AVIATION,116,html,7,6.03
AVIATION,116,forecasting,7,6.03
AVIATION,116,technical support,7,6.03
AVIATION,116,reconciliation,7,6.03
AVIATION,116,conflict resolution,7,6.03
AVIATION,116,matlab,6,5.17
AVIATION,116,hr policies,6,5.17
AVIATION,116,auditing,6,5.17
AVIATION,116,mediation,6,5.17
AVIATION,116,client acquisition,6,5.17
AVIATION,116,diagnosis,5,4.31
AVIATION,116,sap,5,4.31
AVIATION,116,flight operations,5,4.31
AVIATION,116,linux,5,4.31
AVIATION,116,banking,5,4.31
AVIATION,116,employee relations,5,4.31
AVIATION,116,clinical,5,4.31
AVIATION,116,photoshop,5,4.31
AVIATION,116,nursing,5,4.31
AVIATION,116,crm,5,4.31
AVIATION,116,painting,4,3.45
AVIATION,116,interviewing,4,3.45
AVIATION,116,change management,4,3.45
AVIATION,116,patient care,4,3.45
AVIATION,116,payroll,4,3.45
AVIATION,116,3d modeling,3,2.59
AVIATION,116,java,3,2.59
AVIATION,116,python,3,2.59
AVIATION,116,css,3,2.59
AVIATION,116,sql,3,2.59
AVIATION,116,performance management,3,2.59
AVIATION,116,litigation,3,2.59
AVIATION,116,curriculum development,3,2.59
AVIATION,116,advertising,3,2.59
AVIATION,116,quickbooks,3,2.59
AVIATION,116,call center,3,2.59
AVIATION,116,menu planning,3,2.59
AVIATION,116,surgery,3,2.59
AVIATION,116,git,2,1.72
AVIATION,116,intellectual property,2,1.72
AVIATION,116,brake systems,2,1.72
AVIATION,116,market research,2,1.72
AVIATION,116,social media,2,1.72
AVIATION,116,photography,2,1.72
AVIATION,116,solidworks,2,1.72
AVIATION,116,taxation,2,1.72
AVIATION,116,strength training,2,1.72
AVIATION,116,food preparation,2,1.72
AVIATION,116,kitchen management,2,1.72
AVIATION,116,medical records,2,1.72
AVIATION,116,nutrition planning,2,1.72
AVIATION,116,plc programming,2,1.72
AVIATION,116,illustrator,2,1.72
AVIATION,116,air traffic control,2,1.72
AVIATION,116,vehicle diagnostics,1,0.86
AVIATION,116,javascript,1,0.86
AVIATION,116,php,1,0.86
AVIATION,116,nosql,1,0.86
AVIATION,116,docker,1,0.86
AVIATION,116,merchandising,1,0.86
AVIATION,116,pharmacology,1,0.86
AVIATION,116,pest control,1,0.86
AVIATION,116,site supervision,1,0.86
AVIATION,116,aws,1,0.86
AVIATION,116,agile,1,0.86
AVIATION,116,talent acquisition,1,0.86
AVIATION,116,culinary arts,1,0.86
AVIATION,116,plating,1,0.86
AVIATION,116,tutoring,1,0.86
AVIATION,116,brand management,1,0.86
AVIATION,116,tailoring,1,0.86
AVIATION,116,cyber security,1,0.86
AVIATION,116,livestock,1,0.86
AVIATION,116,legal research,1,0.86
AVIATION,116,educational technology,1,0.86
AVIATION,116,grading,1,0.86
AVIATION,116,advocacy,1,0.86
AVIATION,116,graphic design,1,0.86
AVIATION,116,irrigation,1,0.86
AVIATION,116,aerodynamics,1,0.86
AVIATION,116,sketching,1,0.86
BANKING,115,banking,103,89.57
BANKING,115,training,96,83.48
BANKING,115,sales,86,74.78
BANKING,115,compliance,66,57.39
BANKING,115,leadership,61,53.04
BANKING,115,excel,58,50.43
BANKING,115,financial analysis,54,46.96
BANKING,115,customer support,54,46.96
BANKING,115,marketing,49,42.61
BANKING,115,budgeting,48,41.74
BANKING,115,accounting,37,32.17
BANKING,115,recruitment,29,25.22
BANKING,115,strategy,27,23.48
BANKING,115,forecasting,25,21.74
BANKING,115,taxation,24,20.87
BANKING,115,reconciliation,21,18.26
BANKING,115,risk management,21,18.26
BANKING,115,auditing,21,18.26
BANKING,115,mentoring,20,17.39
BANKING,115,negotiation,19,16.52
BANKING,115,public speaking,18,15.65
BANKING,115,billing,16,13.91
BANKING,115,sql,16,13.91
BANKING,115,payroll,15,13.04
BANKING,115,networks,15,13.04
BANKING,115,contract drafting,13,11.3
BANKING,115,crm,11,9.57
BANKING,115,call center,11,9.57
BANKING,115,data entry,10,8.7
BANKING,115,change management,10,8.7
BANKING,115,client acquisition,9,7.83
BANKING,115,photoshop,8,6.96
BANKING,115,ledger,8,6.96
BANKING,115,market research,8,6.96
BANKING,115,piloting,8,6.96
BANKING,115,aml,7,6.09
BANKING,115,portfolio management,7,6.09
BANKING,115,hr policies,7,6.09
BANKING,115,conflict resolution,7,6.09
BANKING,115,social media,7,6.09
BANKING,115,sap,7,6.09
BANKING,115,performance management,6,5.22
BANKING,115,interviewing,6,5.22
BANKING,115,html,6,5.22
BANKING,115,advertising,6,5.22
BANKING,115,cpr,5,4.35
BANKING,115,first aid,5,4.35
BANKING,115,technical support,5,4.35
BANKING,115,onboarding,4,3.48
BANKING,115,employee relations,4,3.48
BANKING,115,lead generation,4,3.48
BANKING,115,business analysis,4,3.48
BANKING,115,litigation,4,3.48
BANKING,115,java,4,3.48
BANKING,115,linux,4,3.48
BANKING,115,quickbooks,4,3.48
BANKING,115,gaap,4,3.48
BANKING,115,event planning,4,3.48
BANKING,115,agile,4,3.48
BANKING,115,kyc,3,2.61
BANKING,115,nursing,3,2.61
BANKING,115,clinical,3,2.61
BANKING,115,curriculum development,3,2.61
BANKING,115,javascript,3,2.61
BANKING,115,brand management,3,2.61
BANKING,115,illustrator,2,1.74
BANKING,115,merchandising,2,1.74
BANKING,115,medical records,2,1.74
BANKING,115,engine tuning,2,1.74
BANKING,115,azure,2,1.74
BANKING,115,devops,2,1.74
BANKING,115,mediation,2,1.74
BANKING,115,intellectual property,2,1.74
BANKING,115,electrical circuits,2,1.74
BANKING,115,python,2,1.74
BANKING,115,personal training,2,1.74
BANKING,115,air traffic control,1,0.87
BANKING,115,media relations,1,0.87
BANKING,115,patient care,1,0.87
BANKING,115,kinesiology,1,0.87
BANKING,115,cpa,1,0.87
BANKING,115,photography,1,0.87
BANKING,115,graphic design,1,0.87
BANKING,115,artificial intelligence,1,0.87
BANKING,115,seo,1,0.87
BANKING,115,sem,1,0.87
BANKING,115,diagnosis,1,0.87
BANKING,115,soil science,1,0.87
BANKING,115,typescript,1,0.87
BANKING,115,php,1,0.87
BANKING,115,node.js,1,0.87
BANKING,115,aws,1,0.87
BANKING,115,docker,1,0.87
BANKING,115,kubernetes,1,0.87
BANKING,115,git,1,0.87
BANKING,115,deep learning,1,0.87
BANKING,115,indesign,1,0.87
BANKING,115,partnership development,1,0.87
BANKING,115,culinary arts,1,0.87
BANKING,115,kitchen management,1,0.87
BANKING,115,food safety,1,0.87
BANKING,115,plating,1,0.87
BANKING,115,vue,1,0.87
BANKING,115,advocacy,1,0.87
BANKING,115,machine learning,1,0.87
BANKING,115,matlab,1,0.87
BANKING,115,telemarketing,1,0.87
BANKING,115,farming,1,0.87
BANKING,115,css,1,0.87
BPO,22,training,19,86.36
BPO,22,sales,15,68.18
BPO,22,leadership,12,54.55
BPO,22,customer support,10,45.45
BPO,22,excel,9,40.91
BPO,22,budgeting,9,40.91
BPO,22,marketing,9,40.91
BPO,22,strategy,7,31.82
BPO,22,recruitment,7,31.82
BPO,22,compliance,7,31.82
BPO,22,billing,6,27.27
BPO,22,sap,6,27.27
BPO,22,technical support,6,27.27
BPO,22,call center,6,27.27
BPO,22,mentoring,5,22.73
BPO,22,change management,5,22.73
BPO,22,auditing,5,22.73
BPO,22,banking,5,22.73
BPO,22,risk management,4,18.18
BPO,22,data entry,4,18.18
BPO,22,reconciliation,4,18.18
BPO,22,hr policies,4,18.18
BPO,22,forecasting,4,18.18
BPO,22,sql,3,13.64
BPO,22,accounting,3,13.64
BPO,22,financial analysis,3,13.64
BPO,22,clinical,3,13.64
BPO,22,networks,3,13.64
BPO,22,client acquisition,3,13.64
BPO,22,social media,3,13.64
BPO,22,negotiation,3,13.64
BPO,22,contract drafting,3,13.64
BPO,22,performance management,3,13.64
BPO,22,java,2,9.09
BPO,22,event planning,2,9.09
BPO,22,intellectual property,2,9.09
BPO,22,interviewing,2,9.09
BPO,22,crm,2,9.09
BPO,22,taxation,2,9.09
BPO,22,photography,2,9.09
BPO,22,culinary arts,2,9.09
BPO,22,piloting,2,9.09
BPO,22,menu planning,1,4.55
BPO,22,sem,1,4.55
BPO,22,payroll,1,4.55
BPO,22,onboarding,1,4.55
BPO,22,public speaking,1,4.55
BPO,22,portfolio management,1,4.55
BPO,22,conflict resolution,1,4.55
BPO,22,css,1,4.55
BPO,22,cyber security,1,4.55
BPO,22,vehicle diagnostics,1,4.55
BPO,22,engine tuning,1,4.55
BPO,22,javascript,1,4.55
BPO,22,html,1,4.55
BPO,22,linux,1,4.55
BPO,22,agile,1,4.55
BPO,22,illustrator,1,4.55
BPO,22,graphic design,1,4.55
BPO,22,first aid,1,4.55
BPO,22,employee relations,1,4.55
BPO,22,talent acquisition,1,4.55
BPO,22,brand management,1,4.55
BPO,22,nursing,1,4.55
BPO,22,advocacy,1,4.55
BPO,22,ledger,1,4.55
BPO,22,business analysis,1,4.55
BPO,22,cpa,1,4.55
BUSINESS-DEVELOPMENT,119,training,119,100.0
BUSINESS-DEVELOPMENT,119,sales,111,93.28
BUSINESS-DEVELOPMENT,119,marketing,98,82.35
BUSINESS-DEVELOPMENT,119,budgeting,67,56.3
BUSINESS-DEVELOPMENT,119,leadership,67,56.3
BUSINESS-DEVELOPMENT,119,strategy,53,44.54
BUSINESS-DEVELOPMENT,119,customer support,51,42.86
BUSINESS-DEVELOPMENT,119,networks,46,38.66
BUSINESS-DEVELOPMENT,119,contract drafting,42,35.29
BUSINESS-DEVELOPMENT,119,forecasting,39,32.77
BUSINESS-DEVELOPMENT,119,crm,39,32.77
BUSINESS-DEVELOPMENT,119,excel,35,29.41
BUSINESS-DEVELOPMENT,119,financial analysis,34,28.57
BUSINESS-DEVELOPMENT,119,negotiation,34,28.57
BUSINESS-DEVELOPMENT,119,advertising,33,27.73
BUSINESS-DEVELOPMENT,119,recruitment,31,26.05
BUSINESS-DEVELOPMENT,119,compliance,27,22.69
BUSINESS-DEVELOPMENT,119,social media,25,21.01
BUSINESS-DEVELOPMENT,119,banking,21,17.65
BUSINESS-DEVELOPMENT,119,public speaking,21,17.65
BUSINESS-DEVELOPMENT,119,accounting,21,17.65
BUSINESS-DEVELOPMENT,119,billing,19,15.97
BUSINESS-DEVELOPMENT,119,lead generation,16,13.45
BUSINESS-DEVELOPMENT,119,brand management,16,13.45
BUSINESS-DEVELOPMENT,119,client acquisition,15,12.61
BUSINESS-DEVELOPMENT,119,mentoring,14,11.76
BUSINESS-DEVELOPMENT,119,auditing,13,10.92
BUSINESS-DEVELOPMENT,119,payroll,12,10.08
BUSINESS-DEVELOPMENT,119,risk management,12,10.08
BUSINESS-DEVELOPMENT,119,interviewing,11,9.24
BUSINESS-DEVELOPMENT,119,market research,11,9.24
BUSINESS-DEVELOPMENT,119,hr policies,10,8.4
BUSINESS-DEVELOPMENT,119,sap,10,8.4
BUSINESS-DEVELOPMENT,119,conflict resolution,8,6.72
BUSINESS-DEVELOPMENT,119,taxation,8,6.72
BUSINESS-DEVELOPMENT,119,merchandising,7,5.88
BUSINESS-DEVELOPMENT,119,clinical,7,5.88
BUSINESS-DEVELOPMENT,119,call center,7,5.88
BUSINESS-DEVELOPMENT,119,photoshop,7,5.88
BUSINESS-DEVELOPMENT,119,diagnosis,7,5.88
BUSINESS-DEVELOPMENT,119,engine tuning,6,5.04
BUSINESS-DEVELOPMENT,119,business analysis,6,5.04
BUSINESS-DEVELOPMENT,119,event planning,6,5.04
BUSINESS-DEVELOPMENT,119,nursing,5,4.2
BUSINESS-DEVELOPMENT,119,telemarketing,5,4.2
BUSINESS-DEVELOPMENT,119,litigation,5,4.2
BUSINESS-DEVELOPMENT,119,seo,5,4.2
BUSINESS-DEVELOPMENT,119,sem,5,4.2
BUSINESS-DEVELOPMENT,119,quickbooks,4,3.36
BUSINESS-DEVELOPMENT,119,illustrator,4,3.36
BUSINESS-DEVELOPMENT,119,safety management,4,3.36
BUSINESS-DEVELOPMENT,119,media relations,4,3.36
BUSINESS-DEVELOPMENT,119,sql,4,3.36
BUSINESS-DEVELOPMENT,119,data entry,4,3.36
BUSINESS-DEVELOPMENT,119,technical support,4,3.36
BUSINESS-DEVELOPMENT,119,piloting,4,3.36
BUSINESS-DEVELOPMENT,119,performance management,4,3.36
BUSINESS-DEVELOPMENT,119,cpr,3,2.52
BUSINESS-DEVELOPMENT,119,reconciliation,3,2.52
BUSINESS-DEVELOPMENT,119,indesign,3,2.52
BUSINESS-DEVELOPMENT,119,python,3,2.52
BUSINESS-DEVELOPMENT,119,onboarding,3,2.52
BUSINESS-DEVELOPMENT,119,nutrition planning,3,2.52
BUSINESS-DEVELOPMENT,119,html,3,2.52
BUSINESS-DEVELOPMENT,119,kitchen management,3,2.52
BUSINESS-DEVELOPMENT,119,ui/ux,3,2.52
BUSINESS-DEVELOPMENT,119,change management,3,2.52
BUSINESS-DEVELOPMENT,119,culinary arts,2,1.68
BUSINESS-DEVELOPMENT,119,menu planning,2,1.68
BUSINESS-DEVELOPMENT,119,graphic design,2,1.68
BUSINESS-DEVELOPMENT,119,photography,2,1.68
BUSINESS-DEVELOPMENT,119,curating,2,1.68
BUSINESS-DEVELOPMENT,119,medical records,2,1.68
BUSINESS-DEVELOPMENT,119,java,2,1.68
BUSINESS-DEVELOPMENT,119,pharmacology,2,1.68
BUSINESS-DEVELOPMENT,119,patient care,2,1.68
BUSINESS-DEVELOPMENT,119,mediation,1,0.84
BUSINESS-DEVELOPMENT,119,blueprint reading,1,0.84
BUSINESS-DEVELOPMENT,119,food safety,1,0.84
BUSINESS-DEVELOPMENT,119,plating,1,0.84
BUSINESS-DEVELOPMENT,119,linux,1,0.84
BUSINESS-DEVELOPMENT,119,pest control,1,0.84
BUSINESS-DEVELOPMENT,119,strength training,1,0.84
BUSINESS-DEVELOPMENT,119,ledger,1,0.84
BUSINESS-DEVELOPMENT,119,curriculum development,1,0.84
BUSINESS-DEVELOPMENT,119,gaap,1,0.84
BUSINESS-DEVELOPMENT,119,special education,1,0.84
BUSINESS-DEVELOPMENT,119,food preparation,1,0.84
BUSINESS-DEVELOPMENT,119,grading,1,0.84
BUSINESS-DEVELOPMENT,119,personal training,1,0.84
BUSINESS-DEVELOPMENT,119,nosql,1,0.84
BUSINESS-DEVELOPMENT,119,talent acquisition,1,0.84
BUSINESS-DEVELOPMENT,119,surgery,1,0.84
BUSINESS-DEVELOPMENT,119,portfolio management,1,0.84
BUSINESS-DEVELOPMENT,119,intellectual property,1,0.84
BUSINESS-DEVELOPMENT,119,cyber security,1,0.84
BUSINESS-DEVELOPMENT,119,advocacy,1,0.84
BUSINESS-DEVELOPMENT,119,flight operations,1,0.84
BUSINESS-DEVELOPMENT,119,stakeholder management,1,0.84
BUSINESS-DEVELOPMENT,119,content creation,1,0.84
BUSINESS-DEVELOPMENT,119,farming,1,0.84
BUSINESS-DEVELOPMENT,119,typescript,1,0.84
CHEF,118,training,99,83.9
CHEF,118,culinary arts,95,80.51
CHEF,118,kitchen management,92,77.97
CHEF,118,menu planning,80,67.8
CHEF,118,sales,64,54.24
CHEF,118,customer support,54,45.76
CHEF,118,budgeting,54,45.76
CHEF,118,public speaking,50,42.37
CHEF,118,leadership,48,40.68
CHEF,118,recruitment,43,36.44
CHEF,118,food preparation,41,34.75
CHEF,118,excel,36,30.51
CHEF,118,marketing,33,27.97
CHEF,118,nutrition planning,31,26.27
CHEF,118,food safety,29,24.58
CHEF,118,compliance,25,21.19
CHEF,118,accounting,19,16.1
CHEF,118,payroll,18,15.25
CHEF,118,plating,17,14.41
CHEF,118,billing,11,9.32
CHEF,118,forecasting,11,9.32
CHEF,118,interviewing,11,9.32
CHEF,118,data entry,10,8.47
CHEF,118,mentoring,10,8.47
CHEF,118,strategy,10,8.47
CHEF,118,negotiation,10,8.47
CHEF,118,advertising,9,7.63
CHEF,118,banking,9,7.63
CHEF,118,event planning,9,7.63
CHEF,118,contract drafting,8,6.78
CHEF,118,hr policies,7,5.93
CHEF,118,conflict resolution,7,5.93
CHEF,118,social media,7,5.93
CHEF,118,farming,7,5.93
CHEF,118,auditing,6,5.08
CHEF,118,cpr,6,5.08
CHEF,118,safety management,6,5.08
CHEF,118,client acquisition,6,5.08
CHEF,118,curriculum development,6,5.08
CHEF,118,taxation,5,4.24
CHEF,118,financial analysis,5,4.24
CHEF,118,nursing,5,4.24
CHEF,118,employee relations,5,4.24
CHEF,118,patient care,5,4.24
CHEF,118,networks,4,3.39
CHEF,118,quickbooks,4,3.39
CHEF,118,reconciliation,4,3.39
CHEF,118,merchandising,4,3.39
CHEF,118,photoshop,4,3.39
CHEF,118,onboarding,3,2.54
CHEF,118,seo,3,2.54
CHEF,118,textiles,3,2.54
CHEF,118,clinical,3,2.54
CHEF,118,diagnosis,3,2.54
CHEF,118,first aid,3,2.54
CHEF,118,photography,3,2.54
CHEF,118,call center,3,2.54
CHEF,118,litigation,3,2.54
CHEF,118,crm,2,1.69
CHEF,118,engine tuning,2,1.69
CHEF,118,media relations,2,1.69
CHEF,118,graphic design,2,1.69
CHEF,118,illustrator,2,1.69
CHEF,118,brand management,2,1.69
CHEF,118,tutoring,2,1.69
CHEF,118,grading,2,1.69
CHEF,118,painting,2,1.69
CHEF,118,risk management,2,1.69
CHEF,118,market research,1,0.85
CHEF,118,pharmacology,1,0.85
CHEF,118,sap,1,0.85
CHEF,118,livestock,1,0.85
CHEF,118,surgery,1,0.85
CHEF,118,performance management,1,0.85
CHEF,118,pest control,1,0.85
CHEF,118,mediation,1,0.85
CHEF,118,ledger,1,0.85
CHEF,118,video editing,1,0.85
CHEF,118,react,1,0.85
CHEF,118,sculpting,1,0.85
CHEF,118,technical support,1,0.85
CHEF,118,personal training,1,0.85
CHEF,118,typescript,1,0.85
CHEF,118,soil science,1,0.85
CHEF,118,medical records,1,0.85
CHEF,118,electrical circuits,1,0.85
CHEF,118,change management,1,0.85
CHEF,118,cpa,1,0.85
CHEF,118,java,1,0.85
CHEF,118,javascript,1,0.85
CHEF,118,html,1,0.85
CHEF,118,css,1,0.85
CHEF,118,advocacy,1,0.85
CHEF,118,auto repair,1,0.85
CHEF,118,brake systems,1,0.85
CHEF,118,blueprint reading,1,0.85
CHEF,118,talent acquisition,1,0.85
CHEF,118,piloting,1,0.85
CHEF,118,strength training,1,0.85
CONSTRUCTION,112,training,78,69.64
CONSTRUCTION,112,budgeting,63,56.25
CONSTRUCTION,112,compliance,52,46.43
CONSTRUCTION,112,leadership,45,40.18
CONSTRUCTION,112,excel,43,38.39
CONSTRUCTION,112,contract drafting,38,33.93
CONSTRUCTION,112,safety management,38,33.93
CONSTRUCTION,112,customer support,33,29.46
CONSTRUCTION,112,sales,32,28.57
CONSTRUCTION,112,marketing,28,25.0
CONSTRUCTION,112,blueprint reading,22,19.64
CONSTRUCTION,112,negotiation,21,18.75
CONSTRUCTION,112,cpr,19,16.96
CONSTRUCTION,112,billing,18,16.07
CONSTRUCTION,112,strategy,18,16.07
CONSTRUCTION,112,first aid,17,15.18
CONSTRUCTION,112,painting,16,14.29
CONSTRUCTION,112,accounting,14,12.5
CONSTRUCTION,112,networks,13,11.61
CONSTRUCTION,112,site supervision,13,11.61
CONSTRUCTION,112,carpentry,12,10.71
CONSTRUCTION,112,banking,11,9.82
CONSTRUCTION,112,recruitment,11,9.82
CONSTRUCTION,112,soil science,10,8.93
CONSTRUCTION,112,financial analysis,10,8.93
CONSTRUCTION,112,payroll,9,8.04
CONSTRUCTION,112,conflict resolution,9,8.04
CONSTRUCTION,112,public speaking,9,8.04
CONSTRUCTION,112,3d modeling,8,7.14
CONSTRUCTION,112,mentoring,8,7.14
CONSTRUCTION,112,risk management,8,7.14
CONSTRUCTION,112,auditing,7,6.25
CONSTRUCTION,112,technical support,7,6.25
CONSTRUCTION,112,photoshop,7,6.25
CONSTRUCTION,112,quickbooks,7,6.25
CONSTRUCTION,112,hr policies,7,6.25
CONSTRUCTION,112,data entry,7,6.25
CONSTRUCTION,112,grading,6,5.36
CONSTRUCTION,112,forecasting,6,5.36
CONSTRUCTION,112,litigation,6,5.36
CONSTRUCTION,112,reconciliation,6,5.36
CONSTRUCTION,112,masonry,6,5.36
CONSTRUCTION,112,merchandising,5,4.46
CONSTRUCTION,112,kitchen management,5,4.46
CONSTRUCTION,112,change management,4,3.57
CONSTRUCTION,112,nursing,4,3.57
CONSTRUCTION,112,taxation,4,3.57
CONSTRUCTION,112,farming,4,3.57
CONSTRUCTION,112,sap,4,3.57
CONSTRUCTION,112,employee relations,4,3.57
CONSTRUCTION,112,sql,3,2.68
CONSTRUCTION,112,diagnosis,3,2.68
CONSTRUCTION,112,sketching,3,2.68
CONSTRUCTION,112,business analysis,3,2.68
CONSTRUCTION,112,interviewing,3,2.68
CONSTRUCTION,112,advertising,3,2.68
CONSTRUCTION,112,nutrition planning,3,2.68
CONSTRUCTION,112,ledger,3,2.68
CONSTRUCTION,112,graphic design,2,1.79
CONSTRUCTION,112,aws,2,1.79
CONSTRUCTION,112,auto repair,2,1.79
CONSTRUCTION,112,matlab,2,1.79
CONSTRUCTION,112,irrigation,2,1.79
CONSTRUCTION,112,client acquisition,2,1.79
CONSTRUCTION,112,medical records,2,1.79
CONSTRUCTION,112,curriculum development,2,1.79
CONSTRUCTION,112,electrical circuits,2,1.79
CONSTRUCTION,112,brand management,2,1.79
CONSTRUCTION,112,photography,2,1.79
CONSTRUCTION,112,social media,2,1.79
CONSTRUCTION,112,gaap,2,1.79
CONSTRUCTION,112,illustrator,2,1.79
CONSTRUCTION,112,plc programming,1,0.89
CONSTRUCTION,112,sem,1,0.89
CONSTRUCTION,112,patient care,1,0.89
CONSTRUCTION,112,angular,1,0.89
CONSTRUCTION,112,flight operations,1,0.89
CONSTRUCTION,112,talent acquisition,1,0.89
CONSTRUCTION,112,intellectual property,1,0.89
CONSTRUCTION,112,avionics,1,0.89
CONSTRUCTION,112,kinesiology,1,0.89
CONSTRUCTION,112,media relations,1,0.89
CONSTRUCTION,112,classroom management,1,0.89
CONSTRUCTION,112,culinary arts,1,0.89
CONSTRUCTION,112,crm,1,0.89
CONSTRUCTION,112,linux,1,0.89
CONSTRUCTION,112,solidworks,1,0.89
CONSTRUCTION,112,clinical,1,0.89
CONSTRUCTION,112,menu planning,1,0.89
CONSTRUCTION,112,food preparation,1,0.89
CONSTRUCTION,112,java,1,0.89
CONSTRUCTION,112,javascript,1,0.89
CONSTRUCTION,112,php,1,0.89
CONSTRUCTION,112,html,1,0.89
CONSTRUCTION,112,css,1,0.89
CONSTRUCTION,112,telemarketing,1,0.89
CONSTRUCTION,112,livestock,1,0.89
CONSTRUCTION,112,cyber security,1,0.89
CONSTRUCTION,112,cpa,1,0.89
CONSTRUCTION,112,performance management,1,0.89
CONSTRUCTION,112,market research,1,0.89
CONSTRUCTION,112,air traffic control,1,0.89
CONSULTANT,115,training,104,90.43
CONSULTANT,115,sales,63,54.78
CONSULTANT,115,leadership,48,41.74
CONSULTANT,115,budgeting,48,41.74
CONSULTANT,115,excel,45,39.13
CONSULTANT,115,marketing,43,37.39
CONSULTANT,115,customer support,40,34.78
CONSULTANT,115,compliance,38,33.04
CONSULTANT,115,strategy,36,31.3
CONSULTANT,115,accounting,35,30.43
CONSULTANT,115,financial analysis,32,27.83
CONSULTANT,115,sql,31,26.96
CONSULTANT,115,networks,30,26.09
CONSULTANT,115,contract drafting,26,22.61
CONSULTANT,115,public speaking,22,19.13
CONSULTANT,115,auditing,22,19.13
CONSULTANT,115,billing,21,18.26
CONSULTANT,115,recruitment,19,16.52
CONSULTANT,115,html,17,14.78
CONSULTANT,115,payroll,17,14.78
CONSULTANT,115,banking,17,14.78
CONSULTANT,115,change management,16,13.91
CONSULTANT,115,mentoring,16,13.91
CONSULTANT,115,social media,16,13.91
CONSULTANT,115,taxation,16,13.91
CONSULTANT,115,clinical,16,13.91
CONSULTANT,115,forecasting,16,13.91
CONSULTANT,115,hr policies,15,13.04
CONSULTANT,115,advertising,14,12.17
CONSULTANT,115,intellectual property,14,12.17
CONSULTANT,115,technical support,13,11.3
CONSULTANT,115,agile,13,11.3
CONSULTANT,115,reconciliation,11,9.57
CONSULTANT,115,crm,11,9.57
CONSULTANT,115,market research,11,9.57
CONSULTANT,115,linux,11,9.57
CONSULTANT,115,javascript,11,9.57
CONSULTANT,115,sap,10,8.7
CONSULTANT,115,java,10,8.7
CONSULTANT,115,negotiation,9,7.83
CONSULTANT,115,media relations,9,7.83
CONSULTANT,115,quickbooks,9,7.83
CONSULTANT,115,conflict resolution,9,7.83
CONSULTANT,115,risk management,8,6.96
CONSULTANT,115,nursing,8,6.96
CONSULTANT,115,php,8,6.96
CONSULTANT,115,ledger,8,6.96
CONSULTANT,115,brand management,7,6.09
CONSULTANT,115,client acquisition,7,6.09
CONSULTANT,115,engine tuning,7,6.09
CONSULTANT,115,safety management,7,6.09
CONSULTANT,115,business analysis,7,6.09
CONSULTANT,115,interviewing,6,5.22
CONSULTANT,115,seo,6,5.22
CONSULTANT,115,call center,6,5.22
CONSULTANT,115,css,6,5.22
CONSULTANT,115,data entry,5,4.35
CONSULTANT,115,menu planning,5,4.35
CONSULTANT,115,event planning,5,4.35
CONSULTANT,115,nutrition planning,5,4.35
CONSULTANT,115,diagnosis,5,4.35
CONSULTANT,115,cpa,5,4.35
CONSULTANT,115,culinary arts,4,3.48
CONSULTANT,115,performance management,4,3.48
CONSULTANT,115,lead generation,4,3.48
CONSULTANT,115,photoshop,4,3.48
CONSULTANT,115,cpr,4,3.48
CONSULTANT,115,ui/ux,4,3.48
CONSULTANT,115,python,4,3.48
CONSULTANT,115,cyber security,4,3.48
CONSULTANT,115,medical records,4,3.48
CONSULTANT,115,pharmacology,4,3.48
CONSULTANT,115,aws,4,3.48
CONSULTANT,115,litigation,3,2.61
CONSULTANT,115,farming,3,2.61
CONSULTANT,115,employee relations,3,2.61
CONSULTANT,115,indesign,3,2.61
CONSULTANT,115,sem,3,2.61
CONSULTANT,115,piloting,3,2.61
CONSULTANT,115,tutoring,3,2.61
CONSULTANT,115,textiles,3,2.61
CONSULTANT,115,surgery,3,2.61
CONSULTANT,115,merchandising,2,1.74
CONSULTANT,115,vehicle diagnostics,2,1.74
CONSULTANT,115,machine learning,2,1.74
CONSULTANT,115,telemarketing,2,1.74
CONSULTANT,115,content creation,2,1.74
CONSULTANT,115,illustrator,2,1.74
CONSULTANT,115,photography,2,1.74
CONSULTANT,115,curriculum development,2,1.74
CONSULTANT,115,onboarding,2,1.74
CONSULTANT,115,kitchen management,2,1.74
CONSULTANT,115,azure,2,1.74
CONSULTANT,115,gaap,2,1.74
CONSULTANT,115,git,2,1.74
CONSULTANT,115,patient care,2,1.74
CONSULTANT,115,electrical circuits,2,1.74
CONSULTANT,115,legal research,1,0.87
CONSULTANT,115,avionics,1,0.87
CONSULTANT,115,food preparation,1,0.87
CONSULTANT,115,tailoring,1,0.87
CONSULTANT,115,devops,1,0.87
CONSULTANT,115,auto repair,1,0.87
CONSULTANT,115,food safety,1,0.87
CONSULTANT,115,nosql,1,0.87
CONSULTANT,115,portfolio management,1,0.87
CONSULTANT,115,strength training,1,0.87
CONSULTANT,115,advocacy,1,0.87
CONSULTANT,115,blueprint reading,1,0.87
CONSULTANT,115,soil science,1,0.87
CONSULTANT,115,partnership development,1,0.87
CONSULTANT,115,legal counsel,1,0.87
CONSULTANT,115,mediation,1,0.87
CONSULTANT,115,angular,1,0.87
CONSULTANT,115,masonry,1,0.87
CONSULTANT,115,matlab,1,0.87
CONSULTANT,115,curating,1,0.87
CONSULTANT,115,process optimization,1,0.87
CONSULTANT,115,typescript,1,0.87
DESIGNER,107,training,76,71.03
DESIGNER,107,sales,54,50.47
DESIGNER,107,photoshop,45,42.06
DESIGNER,107,budgeting,42,39.25
DESIGNER,107,illustrator,39,36.45
DESIGNER,107,marketing,38,35.51
DESIGNER,107,excel,37,34.58
DESIGNER,107,customer support,35,32.71
DESIGNER,107,leadership,32,29.91
DESIGNER,107,sketching,27,25.23
DESIGNER,107,indesign,26,24.3
DESIGNER,107,public speaking,26,24.3
DESIGNER,107,advertising,26,24.3
DESIGNER,107,graphic design,26,24.3
DESIGNER,107,3d modeling,25,23.36
DESIGNER,107,photography,23,21.5
DESIGNER,107,html,23,21.5
DESIGNER,107,compliance,21,19.63
DESIGNER,107,banking,14,13.08
DESIGNER,107,css,14,13.08
DESIGNER,107,strategy,13,12.15
DESIGNER,107,merchandising,12,11.21
DESIGNER,107,brand management,12,11.21
DESIGNER,107,networks,11,10.28
DESIGNER,107,social media,11,10.28
DESIGNER,107,curriculum development,10,9.35
DESIGNER,107,typography,10,9.35
DESIGNER,107,painting,9,8.41
DESIGNER,107,mentoring,9,8.41
DESIGNER,107,solidworks,8,7.48
DESIGNER,107,sql,8,7.48
DESIGNER,107,textiles,7,6.54
DESIGNER,107,blueprint reading,7,6.54
DESIGNER,107,contract drafting,7,6.54
DESIGNER,107,billing,7,6.54
DESIGNER,107,accounting,7,6.54
DESIGNER,107,engine tuning,6,5.61
DESIGNER,107,clinical,6,5.61
DESIGNER,107,event planning,6,5.61
DESIGNER,107,payroll,6,5.61
DESIGNER,107,ui/ux,6,5.61
DESIGNER,107,sap,5,4.67
DESIGNER,107,recruitment,5,4.67
DESIGNER,107,financial analysis,5,4.67
DESIGNER,107,data entry,5,4.67
DESIGNER,107,grading,5,4.67
DESIGNER,107,agile,5,4.67
DESIGNER,107,mechanical design,4,3.74
DESIGNER,107,fashion design,4,3.74
DESIGNER,107,linux,4,3.74
DESIGNER,107,patient care,4,3.74
DESIGNER,107,auditing,4,3.74
DESIGNER,107,electrical circuits,4,3.74
DESIGNER,107,interviewing,4,3.74
DESIGNER,107,crm,4,3.74
DESIGNER,107,kitchen management,4,3.74
DESIGNER,107,market research,4,3.74
DESIGNER,107,nutrition planning,4,3.74
DESIGNER,107,call center,3,2.8
DESIGNER,107,tutoring,3,2.8
DESIGNER,107,piloting,3,2.8
DESIGNER,107,client acquisition,3,2.8
DESIGNER,107,culinary arts,3,2.8
DESIGNER,107,menu planning,3,2.8
DESIGNER,107,media relations,3,2.8
DESIGNER,107,change management,3,2.8
DESIGNER,107,hr policies,3,2.8
DESIGNER,107,medical records,3,2.8
DESIGNER,107,safety management,3,2.8
DESIGNER,107,seo,3,2.8
DESIGNER,107,negotiation,3,2.8
DESIGNER,107,creative direction,3,2.8
DESIGNER,107,tailoring,2,1.87
DESIGNER,107,python,2,1.87
DESIGNER,107,matlab,2,1.87
DESIGNER,107,javascript,2,1.87
DESIGNER,107,technical support,2,1.87
DESIGNER,107,java,2,1.87
DESIGNER,107,php,2,1.87
DESIGNER,107,nursing,2,1.87
DESIGNER,107,cpr,2,1.87
DESIGNER,107,aws,2,1.87
DESIGNER,107,reconciliation,2,1.87
DESIGNER,107,avionics,2,1.87
DESIGNER,107,soil science,2,1.87
DESIGNER,107,farming,2,1.87
DESIGNER,107,curating,2,1.87
DESIGNER,107,site supervision,2,1.87
DESIGNER,107,taxation,2,1.87
DESIGNER,107,video editing,2,1.87
DESIGNER,107,conflict resolution,2,1.87
DESIGNER,107,pharmacology,2,1.87
DESIGNER,107,carpentry,1,0.93
DESIGNER,107,pedagogy,1,0.93
DESIGNER,107,surgery,1,0.93
DESIGNER,107,special education,1,0.93
DESIGNER,107,aerodynamics,1,0.93
DESIGNER,107,crop management,1,0.93
DESIGNER,107,pest control,1,0.93
DESIGNER,107,first aid,1,0.93
DESIGNER,107,classroom management,1,0.93
DESIGNER,107,intellectual property,1,0.93
DESIGNER,107,auto repair,1,0.93
DESIGNER,107,onboarding,1,0.93
DESIGNER,107,stakeholder management,1,0.93
DESIGNER,107,educational technology,1,0.93
DESIGNER,107,sem,1,0.93
DESIGNER,107,plc programming,1,0.93
DESIGNER,107,plating,1,0.93
DESIGNER,107,artificial intelligence,1,0.93
DESIGNER,107,diagnosis,1,0.93
DESIGNER,107,aircraft maintenance,1,0.93
DESIGNER,107,vue,1,0.93
DESIGNER,107,business analysis,1,0.93
DESIGNER,107,vehicle diagnostics,1,0.93
DESIGNER,107,git,1,0.93
DIGITAL-MEDIA,96,training,82,85.42
DIGITAL-MEDIA,96,marketing,75,78.12
DIGITAL-MEDIA,96,sales,65,67.71
DIGITAL-MEDIA,96,social media,57,59.38
DIGITAL-MEDIA,96,strategy,53,55.21
DIGITAL-MEDIA,96,budgeting,51,53.12
DIGITAL-MEDIA,96,advertising,46,47.92
DIGITAL-MEDIA,96,leadership,35,36.46
DIGITAL-MEDIA,96,excel,34,35.42
DIGITAL-MEDIA,96,photoshop,30,31.25
DIGITAL-MEDIA,96,seo,29,30.21
DIGITAL-MEDIA,96,customer support,27,28.12
DIGITAL-MEDIA,96,networks,27,28.12
DIGITAL-MEDIA,96,html,24,25.0
DIGITAL-MEDIA,96,sem,22,22.92
DIGITAL-MEDIA,96,crm,22,22.92
DIGITAL-MEDIA,96,recruitment,20,20.83
DIGITAL-MEDIA,96,illustrator,18,18.75
DIGITAL-MEDIA,96,engine tuning,17,17.71
DIGITAL-MEDIA,96,public speaking,16,16.67
DIGITAL-MEDIA,96,media relations,15,15.62
DIGITAL-MEDIA,96,accounting,15,15.62
DIGITAL-MEDIA,96,financial analysis,15,15.62
DIGITAL-MEDIA,96,brand management,14,14.58
DIGITAL-MEDIA,96,css,14,14.58
DIGITAL-MEDIA,96,contract drafting,13,13.54
DIGITAL-MEDIA,96,billing,12,12.5
DIGITAL-MEDIA,96,lead generation,12,12.5
DIGITAL-MEDIA,96,compliance,12,12.5
DIGITAL-MEDIA,96,mentoring,12,12.5
DIGITAL-MEDIA,96,ui/ux,11,11.46
DIGITAL-MEDIA,96,content creation,11,11.46
DIGITAL-MEDIA,96,market research,10,10.42
DIGITAL-MEDIA,96,sql,10,10.42
DIGITAL-MEDIA,96,photography,10,10.42
DIGITAL-MEDIA,96,javascript,10,10.42
DIGITAL-MEDIA,96,forecasting,10,10.42
DIGITAL-MEDIA,96,event planning,9,9.38
DIGITAL-MEDIA,96,negotiation,9,9.38
DIGITAL-MEDIA,96,banking,9,9.38
DIGITAL-MEDIA,96,indesign,9,9.38
DIGITAL-MEDIA,96,agile,8,8.33
DIGITAL-MEDIA,96,technical support,8,8.33
DIGITAL-MEDIA,96,graphic design,8,8.33
DIGITAL-MEDIA,96,intellectual property,7,7.29
DIGITAL-MEDIA,96,php,7,7.29
DIGITAL-MEDIA,96,sap,6,6.25
DIGITAL-MEDIA,96,hr policies,6,6.25
DIGITAL-MEDIA,96,interviewing,6,6.25
DIGITAL-MEDIA,96,merchandising,6,6.25
DIGITAL-MEDIA,96,piloting,6,6.25
DIGITAL-MEDIA,96,auditing,5,5.21
DIGITAL-MEDIA,96,payroll,5,5.21
DIGITAL-MEDIA,96,conflict resolution,4,4.17
DIGITAL-MEDIA,96,diagnosis,4,4.17
DIGITAL-MEDIA,96,data entry,4,4.17
DIGITAL-MEDIA,96,video editing,4,4.17
DIGITAL-MEDIA,96,taxation,4,4.17
DIGITAL-MEDIA,96,electrical circuits,4,4.17
DIGITAL-MEDIA,96,cyber security,3,3.12
DIGITAL-MEDIA,96,portfolio management,3,3.12
DIGITAL-MEDIA,96,client acquisition,3,3.12
DIGITAL-MEDIA,96,litigation,3,3.12
DIGITAL-MEDIA,96,artificial intelligence,3,3.12
DIGITAL-MEDIA,96,sketching,3,3.12
DIGITAL-MEDIA,96,onboarding,3,3.12
DIGITAL-MEDIA,96,git,3,3.12
DIGITAL-MEDIA,96,change management,3,3.12
DIGITAL-MEDIA,96,quickbooks,3,3.12
DIGITAL-MEDIA,96,ledger,3,3.12
DIGITAL-MEDIA,96,clinical,2,2.08
DIGITAL-MEDIA,96,tutoring,2,2.08
DIGITAL-MEDIA,96,textiles,2,2.08
DIGITAL-MEDIA,96,devops,2,2.08
DIGITAL-MEDIA,96,risk management,2,2.08
DIGITAL-MEDIA,96,painting,2,2.08
DIGITAL-MEDIA,96,performance management,2,2.08
DIGITAL-MEDIA,96,cpa,2,2.08
DIGITAL-MEDIA,96,call center,2,2.08
DIGITAL-MEDIA,96,curriculum development,2,2.08
DIGITAL-MEDIA,96,pharmacology,2,2.08
DIGITAL-MEDIA,96,aws,1,1.04
DIGITAL-MEDIA,96,azure,1,1.04
DIGITAL-MEDIA,96,medical records,1,1.04
DIGITAL-MEDIA,96,employee relations,1,1.04
DIGITAL-MEDIA,96,menu planning,1,1.04
DIGITAL-MEDIA,96,safety management,1,1.04
DIGITAL-MEDIA,96,reconciliation,1,1.04
DIGITAL-MEDIA,96,talent acquisition,1,1.04
DIGITAL-MEDIA,96,mediation,1,1.04
DIGITAL-MEDIA,96,angular,1,1.04
DIGITAL-MEDIA,96,machine learning,1,1.04
DIGITAL-MEDIA,96,nutrition planning,1,1.04
DIGITAL-MEDIA,96,culinary arts,1,1.04
DIGITAL-MEDIA,96,curating,1,1.04
DIGITAL-MEDIA,96,telemarketing,1,1.04
DIGITAL-MEDIA,96,python,1,1.04
DIGITAL-MEDIA,96,business analysis,1,1.04
DIGITAL-MEDIA,96,java,1,1.04
DIGITAL-MEDIA,96,strength training,1,1.04
DIGITAL-MEDIA,96,linux,1,1.04
DIGITAL-MEDIA,96,grading,1,1.04
ENGINEERING,118,training,104,88.14
ENGINEERING,118,leadership,49,41.53
ENGINEERING,118,excel,41,34.75
ENGINEERING,118,budgeting,38,32.2
ENGINEERING,118,electrical circuits,34,28.81
ENGINEERING,118,compliance,30,25.42
ENGINEERING,118,sales,26,22.03
ENGINEERING,118,3d modeling,25,21.19
ENGINEERING,118,technical support,24,20.34
ENGINEERING,118,customer support,23,19.49
ENGINEERING,118,mentoring,20,16.95
ENGINEERING,118,sql,19,16.1
ENGINEERING,118,networks,19,16.1
ENGINEERING,118,sketching,18,15.25
ENGINEERING,118,agile,16,13.56
ENGINEERING,118,engine tuning,16,13.56
ENGINEERING,118,marketing,16,13.56
ENGINEERING,118,matlab,16,13.56
ENGINEERING,118,solidworks,15,12.71
ENGINEERING,118,java,15,12.71
ENGINEERING,118,html,14,11.86
ENGINEERING,118,strategy,14,11.86
ENGINEERING,118,plc programming,14,11.86
ENGINEERING,118,linux,14,11.86
ENGINEERING,118,forecasting,13,11.02
ENGINEERING,118,recruitment,12,10.17
ENGINEERING,118,intellectual property,12,10.17
ENGINEERING,118,contract drafting,12,10.17
ENGINEERING,118,mechanical design,11,9.32
ENGINEERING,118,banking,11,9.32
ENGINEERING,118,python,11,9.32
ENGINEERING,118,sap,11,9.32
ENGINEERING,118,public speaking,10,8.47
ENGINEERING,118,diagnosis,10,8.47
ENGINEERING,118,billing,9,7.63
ENGINEERING,118,auditing,8,6.78
ENGINEERING,118,javascript,8,6.78
ENGINEERING,118,accounting,8,6.78
ENGINEERING,118,data entry,8,6.78
ENGINEERING,118,blueprint reading,7,5.93
ENGINEERING,118,safety management,7,5.93
ENGINEERING,118,ui/ux,7,5.93
ENGINEERING,118,machine learning,6,5.08
ENGINEERING,118,css,6,5.08
ENGINEERING,118,piloting,6,5.08
ENGINEERING,118,strength training,6,5.08
ENGINEERING,118,risk management,6,5.08
ENGINEERING,118,video editing,5,4.24
ENGINEERING,118,php,5,4.24
ENGINEERING,118,carpentry,5,4.24
ENGINEERING,118,painting,5,4.24
ENGINEERING,118,vehicle diagnostics,5,4.24
ENGINEERING,118,reconciliation,4,3.39
ENGINEERING,118,tutoring,4,3.39
ENGINEERING,118,git,4,3.39
ENGINEERING,118,financial analysis,4,3.39
ENGINEERING,118,clinical,4,3.39
ENGINEERING,118,change management,4,3.39
ENGINEERING,118,photography,4,3.39
ENGINEERING,118,first aid,4,3.39
ENGINEERING,118,payroll,4,3.39
ENGINEERING,118,grading,3,2.54
ENGINEERING,118,cyber security,3,2.54
ENGINEERING,118,plating,3,2.54
ENGINEERING,118,taxation,3,2.54
ENGINEERING,118,avionics,3,2.54
ENGINEERING,118,event planning,3,2.54
ENGINEERING,118,sem,3,2.54
ENGINEERING,118,kitchen management,3,2.54
ENGINEERING,118,brake systems,3,2.54
ENGINEERING,118,auto repair,2,1.69
ENGINEERING,118,lesson planning,2,1.69
ENGINEERING,118,nosql,2,1.69
ENGINEERING,118,aws,2,1.69
ENGINEERING,118,curriculum development,2,1.69
ENGINEERING,118,performance management,2,1.69
ENGINEERING,118,crm,2,1.69
ENGINEERING,118,ledger,2,1.69
ENGINEERING,118,soil science,2,1.69
ENGINEERING,118,call center,2,1.69
ENGINEERING,118,quickbooks,2,1.69
ENGINEERING,118,deep learning,2,1.69
ENGINEERING,118,cpr,2,1.69
ENGINEERING,118,employee relations,2,1.69
ENGINEERING,118,hr policies,2,1.69
ENGINEERING,118,sculpting,1,0.85
ENGINEERING,118,litigation,1,0.85
ENGINEERING,118,food safety,1,0.85
ENGINEERING,118,react,1,0.85
ENGINEERING,118,portfolio management,1,0.85
ENGINEERING,118,advocacy,1,0.85
ENGINEERING,118,kyc,1,0.85
ENGINEERING,118,pharmacology,1,0.85
ENGINEERING,118,nutrition planning,1,0.85
ENGINEERING,118,negotiation,1,0.85
ENGINEERING,118,ruby,1,0.85
ENGINEERING,118,medical records,1,0.85
ENGINEERING,118,gaap,1,0.85
ENGINEERING,118,aircraft maintenance,1,0.85
ENGINEERING,118,aerodynamics,1,0.85
ENGINEERING,118,culinary arts,1,0.85
ENGINEERING,118,advertising,1,0.85
ENGINEERING,118,client acquisition,1,0.85
ENGINEERING,118,conflict resolution,1,0.85
ENGINEERING,118,cpa,1,0.85
ENGINEERING,118,talent acquisition,1,0.85
ENGINEERING,118,market research,1,0.85
ENGINEERING,118,interviewing,1,0.85
ENGINEERING,118,mediation,1,0.85
ENGINEERING,118,azure,1,0.85
ENGINEERING,118,photoshop,1,0.85
ENGINEERING,118,illustrator,1,0.85
ENGINEERING,118,indesign,1,0.85
ENGINEERING,118,automotive engineering,1,0.85
FINANCE,117,financial analysis,117,100.0
FINANCE,117,accounting,97,82.91
FINANCE,117,training,94,80.34
FINANCE,117,budgeting,88,75.21
FINANCE,117,sales,75,64.1
FINANCE,117,excel,62,52.99
FINANCE,117,auditing,61,52.14
FINANCE,117,banking,61,52.14
FINANCE,117,forecasting,59,50.43
FINANCE,117,taxation,55,47.01
FINANCE,117,reconciliation,54,46.15
FINANCE,117,compliance,54,46.15
FINANCE,117,payroll,52,44.44
FINANCE,117,leadership,51,43.59
FINANCE,117,billing,46,39.32
FINANCE,117,ledger,44,37.61
FINANCE,117,marketing,41,35.04
FINANCE,117,customer support,34,29.06
FINANCE,117,contract drafting,33,28.21
FINANCE,117,strategy,33,28.21
FINANCE,117,sap,24,20.51
FINANCE,117,gaap,22,18.8
FINANCE,117,recruitment,22,18.8
FINANCE,117,quickbooks,21,17.95
FINANCE,117,cpa,20,17.09
FINANCE,117,negotiation,19,16.24
FINANCE,117,hr policies,18,15.38
FINANCE,117,public speaking,18,15.38
FINANCE,117,risk management,13,11.11
FINANCE,117,advertising,12,10.26
FINANCE,117,networks,10,8.55
FINANCE,117,data entry,10,8.55
FINANCE,117,mentoring,9,7.69
FINANCE,117,interviewing,8,6.84
FINANCE,117,business analysis,7,5.98
FINANCE,117,sql,7,5.98
FINANCE,117,crm,7,5.98
FINANCE,117,social media,6,5.13
FINANCE,117,photoshop,5,4.27
FINANCE,117,employee relations,5,4.27
FINANCE,117,client acquisition,4,3.42
FINANCE,117,merchandising,4,3.42
FINANCE,117,clinical,4,3.42
FINANCE,117,litigation,4,3.42
FINANCE,117,call center,4,3.42
FINANCE,117,technical support,3,2.56
FINANCE,117,performance management,3,2.56
FINANCE,117,menu planning,3,2.56
FINANCE,117,photography,3,2.56
FINANCE,117,change management,3,2.56
FINANCE,117,curriculum development,3,2.56
FINANCE,117,kyc,2,1.71
FINANCE,117,market research,2,1.71
FINANCE,117,first aid,2,1.71
FINANCE,117,html,2,1.71
FINANCE,117,farming,2,1.71
FINANCE,117,conflict resolution,2,1.71
FINANCE,117,intellectual property,2,1.71
FINANCE,117,agile,2,1.71
FINANCE,117,stakeholder management,2,1.71
FINANCE,117,piloting,2,1.71
FINANCE,117,media relations,2,1.71
FINANCE,117,nutrition planning,2,1.71
FINANCE,117,pharmacology,2,1.71
FINANCE,117,java,1,0.85
FINANCE,117,yoga,1,0.85
FINANCE,117,electrical circuits,1,0.85
FINANCE,117,carpentry,1,0.85
FINANCE,117,content creation,1,0.85
FINANCE,117,event planning,1,0.85
FINANCE,117,painting,1,0.85
FINANCE,117,aerodynamics,1,0.85
FINANCE,117,tutoring,1,0.85
FINANCE,117,patient care,1,0.85
FINANCE,117,food preparation,1,0.85
FINANCE,117,strength training,1,0.85
FINANCE,117,safety management,1,0.85
FINANCE,117,legal research,1,0.85
FINANCE,117,legal counsel,1,0.85
FINANCE,117,php,1,0.85
FINANCE,117,surgery,1,0.85
FINANCE,117,aml,1,0.85
FINANCE,117,grading,1,0.85
FINANCE,117,seo,1,0.85
FINANCE,117,sem,1,0.85
FINANCE,117,brand management,1,0.85
FINANCE,117,indesign,1,0.85
FINANCE,117,portfolio management,1,0.85
FINANCE,117,illustrator,1,0.85
FINANCE,117,graphic design,1,0.85
FITNESS,117,training,107,91.45
FITNESS,117,sales,78,66.67
FITNESS,117,customer support,65,55.56
FITNESS,117,leadership,59,50.43
FITNESS,117,cpr,44,37.61
FITNESS,117,marketing,42,35.9
FITNESS,117,personal training,40,34.19
FITNESS,117,budgeting,36,30.77
FITNESS,117,nutrition planning,36,30.77
FITNESS,117,first aid,32,27.35
FITNESS,117,excel,32,27.35
FITNESS,117,payroll,28,23.93
FITNESS,117,recruitment,27,23.08
FITNESS,117,compliance,24,20.51
FITNESS,117,strength training,21,17.95
FITNESS,117,billing,21,17.95
FITNESS,117,accounting,21,17.95
FITNESS,117,strategy,17,14.53
FITNESS,117,social media,16,13.68
FITNESS,117,contract drafting,16,13.68
FITNESS,117,mentoring,16,13.68
FITNESS,117,public speaking,15,12.82
FITNESS,117,advertising,14,11.97
FITNESS,117,interviewing,13,11.11
FITNESS,117,banking,11,9.4
FITNESS,117,conflict resolution,11,9.4
FITNESS,117,nursing,11,9.4
FITNESS,117,clinical,11,9.4
FITNESS,117,hr policies,11,9.4
FITNESS,117,yoga,10,8.55
FITNESS,117,auditing,10,8.55
FITNESS,117,curriculum development,10,8.55
FITNESS,117,kinesiology,9,7.69
FITNESS,117,financial analysis,9,7.69
FITNESS,117,surgery,9,7.69
FITNESS,117,networks,9,7.69
FITNESS,117,patient care,8,6.84
FITNESS,117,medical records,8,6.84
FITNESS,117,negotiation,7,5.98
FITNESS,117,merchandising,6,5.13
FITNESS,117,pharmacology,6,5.13
FITNESS,117,reconciliation,6,5.13
FITNESS,117,call center,6,5.13
FITNESS,117,data entry,6,5.13
FITNESS,117,forecasting,6,5.13
FITNESS,117,diagnosis,5,4.27
FITNESS,117,menu planning,5,4.27
FITNESS,117,risk management,5,4.27
FITNESS,117,event planning,5,4.27
FITNESS,117,quickbooks,5,4.27
FITNESS,117,taxation,5,4.27
FITNESS,117,client acquisition,5,4.27
FITNESS,117,litigation,4,3.42
FITNESS,117,safety management,4,3.42
FITNESS,117,photoshop,4,3.42
FITNESS,117,crm,4,3.42
FITNESS,117,ledger,4,3.42
FITNESS,117,mediation,4,3.42
FITNESS,117,advocacy,3,2.56
FITNESS,117,brand management,3,2.56
FITNESS,117,technical support,3,2.56
FITNESS,117,agile,3,2.56
FITNESS,117,photography,3,2.56
FITNESS,117,market research,3,2.56
FITNESS,117,vehicle diagnostics,2,1.71
FITNESS,117,electrical circuits,2,1.71
FITNESS,117,piloting,2,1.71
FITNESS,117,intellectual property,2,1.71
FITNESS,117,kitchen management,2,1.71
FITNESS,117,lesson planning,2,1.71
FITNESS,117,tutoring,2,1.71
FITNESS,117,employee relations,2,1.71
FITNESS,117,sap,2,1.71
FITNESS,117,media relations,2,1.71
FITNESS,117,performance management,2,1.71
FITNESS,117,illustrator,2,1.71
FITNESS,117,irrigation,1,0.85
FITNESS,117,brake systems,1,0.85
FITNESS,117,change management,1,0.85
FITNESS,117,sketching,1,0.85
FITNESS,117,3d modeling,1,0.85
FITNESS,117,special education,1,0.85
FITNESS,117,sculpting,1,0.85
FITNESS,117,gcp,1,0.85
FITNESS,117,python,1,0.85
FITNESS,117,sql,1,0.85
FITNESS,117,linux,1,0.85
FITNESS,117,solidworks,1,0.85
FITNESS,117,matlab,1,0.85
FITNESS,117,mechanical design,1,0.85
FITNESS,117,plc programming,1,0.85
FITNESS,117,portfolio management,1,0.85
FITNESS,117,blueprint reading,1,0.85
FITNESS,117,farming,1,0.85
FITNESS,117,classroom management,1,0.85
FITNESS,117,soil science,1,0.85
HEALTHCARE,115,training,102,88.7
HEALTHCARE,115,leadership,58,50.43
HEALTHCARE,115,compliance,56,48.7
HEALTHCARE,115,customer support,55,47.83
HEALTHCARE,115,clinical,55,47.83
HEALTHCARE,115,sales,51,44.35
HEALTHCARE,115,excel,42,36.52
HEALTHCARE,115,billing,40,34.78
HEALTHCARE,115,nursing,40,34.78
HEALTHCARE,115,marketing,39,33.91
HEALTHCARE,115,budgeting,36,31.3
HEALTHCARE,115,patient care,35,30.43
HEALTHCARE,115,medical records,34,29.57
HEALTHCARE,115,accounting,33,28.7
HEALTHCARE,115,strategy,30,26.09
HEALTHCARE,115,recruitment,29,25.22
HEALTHCARE,115,payroll,21,18.26
HEALTHCARE,115,networks,20,17.39
HEALTHCARE,115,cpr,19,16.52
HEALTHCARE,115,data entry,18,15.65
HEALTHCARE,115,surgery,17,14.78
HEALTHCARE,115,diagnosis,16,13.91
HEALTHCARE,115,interviewing,16,13.91
HEALTHCARE,115,public speaking,15,13.04
HEALTHCARE,115,contract drafting,15,13.04
HEALTHCARE,115,mentoring,15,13.04
HEALTHCARE,115,financial analysis,14,12.17
HEALTHCARE,115,pharmacology,14,12.17
HEALTHCARE,115,hr policies,14,12.17
HEALTHCARE,115,call center,14,12.17
HEALTHCARE,115,auditing,14,12.17
HEALTHCARE,115,crm,12,10.43
HEALTHCARE,115,nutrition planning,12,10.43
HEALTHCARE,115,first aid,11,9.57
HEALTHCARE,115,banking,10,8.7
HEALTHCARE,115,negotiation,10,8.7
HEALTHCARE,115,social media,10,8.7
HEALTHCARE,115,advertising,9,7.83
HEALTHCARE,115,forecasting,8,6.96
HEALTHCARE,115,reconciliation,8,6.96
HEALTHCARE,115,risk management,7,6.09
HEALTHCARE,115,conflict resolution,7,6.09
HEALTHCARE,115,photoshop,7,6.09
HEALTHCARE,115,event planning,6,5.22
HEALTHCARE,115,litigation,6,5.22
HEALTHCARE,115,quickbooks,6,5.22
HEALTHCARE,115,technical support,6,5.22
HEALTHCARE,115,sql,6,5.22
HEALTHCARE,115,change management,6,5.22
HEALTHCARE,115,curriculum development,5,4.35
HEALTHCARE,115,safety management,5,4.35
HEALTHCARE,115,onboarding,5,4.35
HEALTHCARE,115,taxation,4,3.48
HEALTHCARE,115,menu planning,4,3.48
HEALTHCARE,115,vehicle diagnostics,4,3.48
HEALTHCARE,115,intellectual property,4,3.48
HEALTHCARE,115,java,4,3.48
HEALTHCARE,115,html,4,3.48
HEALTHCARE,115,client acquisition,4,3.48
HEALTHCARE,115,merchandising,3,2.61
HEALTHCARE,115,advocacy,3,2.61
HEALTHCARE,115,ledger,3,2.61
HEALTHCARE,115,legal counsel,3,2.61
HEALTHCARE,115,talent acquisition,3,2.61
HEALTHCARE,115,tutoring,3,2.61
HEALTHCARE,115,kitchen management,3,2.61
HEALTHCARE,115,brand management,2,1.74
HEALTHCARE,115,food preparation,2,1.74
HEALTHCARE,115,employee relations,2,1.74
HEALTHCARE,115,lead generation,2,1.74
HEALTHCARE,115,javascript,2,1.74
HEALTHCARE,115,agile,2,1.74
HEALTHCARE,115,painting,2,1.74
HEALTHCARE,115,special education,2,1.74
HEALTHCARE,115,linux,2,1.74
HEALTHCARE,115,illustrator,2,1.74
HEALTHCARE,115,css,2,1.74
HEALTHCARE,115,piloting,2,1.74
HEALTHCARE,115,business analysis,2,1.74
HEALTHCARE,115,carpentry,2,1.74
HEALTHCARE,115,lesson planning,2,1.74
HEALTHCARE,115,ui/ux,2,1.74
HEALTHCARE,115,culinary arts,2,1.74
HEALTHCARE,115,sap,2,1.74
HEALTHCARE,115,seo,2,1.74
HEALTHCARE,115,sem,2,1.74
HEALTHCARE,115,kinesiology,1,0.87
HEALTHCARE,115,blueprint reading,1,0.87
HEALTHCARE,115,market research,1,0.87
HEALTHCARE,115,machine learning,1,0.87
HEALTHCARE,115,curating,1,0.87
HEALTHCARE,115,yoga,1,0.87
HEALTHCARE,115,media relations,1,0.87
HEALTHCARE,115,ruby,1,0.87
HEALTHCARE,115,electrical circuits,1,0.87
HEALTHCARE,115,telemarketing,1,0.87
HEALTHCARE,115,engine tuning,1,0.87
HEALTHCARE,115,gcp,1,0.87
HEALTHCARE,115,graphic design,1,0.87
HEALTHCARE,115,performance management,1,0.87
HEALTHCARE,115,classroom management,1,0.87
HEALTHCARE,115,portfolio management,1,0.87
HEALTHCARE,115,food safety,1,0.87
HEALTHCARE,115,mediation,1,0.87
HEALTHCARE,115,cyber security,1,0.87
HEALTHCARE,115,3d modeling,1,0.87
HEALTHCARE,115,grading,1,0.87
HEALTHCARE,115,farming,1,0.87
HEALTHCARE,115,cpa,1,0.87
HEALTHCARE,115,photography,1,0.87
HEALTHCARE,115,solidworks,1,0.87
HEALTHCARE,115,devops,1,0.87
HR,110,training,106,96.36
HR,110,hr policies,99,90.0
HR,110,recruitment,88,80.0
HR,110,payroll,75,68.18
HR,110,employee relations,67,60.91
HR,110,excel,65,59.09
HR,110,compliance,65,59.09
HR,110,leadership,53,48.18
HR,110,interviewing,53,48.18
HR,110,performance management,48,43.64
HR,110,customer support,47,42.73
HR,110,sales,43,39.09
HR,110,budgeting,43,39.09
HR,110,strategy,28,25.45
HR,110,marketing,28,25.45
HR,110,onboarding,26,23.64
HR,110,accounting,25,22.73
HR,110,sap,25,22.73
HR,110,auditing,24,21.82
HR,110,conflict resolution,24,21.82
HR,110,banking,22,20.0
HR,110,public speaking,21,19.09
HR,110,safety management,20,18.18
HR,110,contract drafting,20,18.18
HR,110,financial analysis,20,18.18
HR,110,billing,18,16.36
HR,110,networks,17,15.45
HR,110,mediation,17,15.45
HR,110,advertising,16,14.55
HR,110,negotiation,16,14.55
HR,110,talent acquisition,16,14.55
HR,110,reconciliation,15,13.64
HR,110,taxation,14,12.73
HR,110,mentoring,13,11.82
HR,110,data entry,11,10.0
HR,110,event planning,11,10.0
HR,110,change management,11,10.0
HR,110,social media,10,9.09
HR,110,quickbooks,9,8.18
HR,110,call center,7,6.36
HR,110,nursing,6,5.45
HR,110,ledger,6,5.45
HR,110,merchandising,5,4.55
HR,110,cpr,5,4.55
HR,110,technical support,4,3.64
HR,110,forecasting,4,3.64
HR,110,brand management,4,3.64
HR,110,menu planning,4,3.64
HR,110,risk management,4,3.64
HR,110,litigation,3,2.73
HR,110,client acquisition,3,2.73
HR,110,painting,3,2.73
HR,110,clinical,3,2.73
HR,110,sql,3,2.73
HR,110,illustrator,3,2.73
HR,110,advocacy,3,2.73
HR,110,indesign,3,2.73
HR,110,first aid,3,2.73
HR,110,kitchen management,3,2.73
HR,110,market research,3,2.73
HR,110,nutrition planning,3,2.73
HR,110,typescript,2,1.82
HR,110,diagnosis,2,1.82
HR,110,culinary arts,2,1.82
HR,110,medical records,2,1.82
HR,110,pharmacology,2,1.82
HR,110,java,2,1.82
HR,110,curriculum development,2,1.82
HR,110,photoshop,2,1.82
HR,110,auto repair,2,1.82
HR,110,legal counsel,2,1.82
HR,110,sketching,1,0.91
HR,110,javascript,1,0.91
HR,110,html,1,0.91
HR,110,css,1,0.91
HR,110,site supervision,1,0.91
HR,110,linux,1,0.91
HR,110,cpa,1,0.91
HR,110,crm,1,0.91
HR,110,piloting,1,0.91
HR,110,food preparation,1,0.91
HR,110,grading,1,0.91
HR,110,ui/ux,1,0.91
HR,110,business analysis,1,0.91
HR,110,engine tuning,1,0.91
HR,110,patient care,1,0.91
HR,110,telemarketing,1,0.91
HR,110,special education,1,0.91
HR,110,food safety,1,0.91
HR,110,electrical circuits,1,0.91
HR,110,media relations,1,0.91
HR,110,plating,1,0.91
HR,110,soil science,1,0.91
HR,110,git,1,0.91
INFORMATION-TECHNOLOGY,120,training,106,88.33
INFORMATION-TECHNOLOGY,120,networks,73,60.83
INFORMATION-TECHNOLOGY,120,budgeting,60,50.0
INFORMATION-TECHNOLOGY,120,leadership,54,45.0
INFORMATION-TECHNOLOGY,120,sql,51,42.5
INFORMATION-TECHNOLOGY,120,compliance,42,35.0
INFORMATION-TECHNOLOGY,120,technical support,40,33.33
INFORMATION-TECHNOLOGY,120,customer support,38,31.67
INFORMATION-TECHNOLOGY,120,strategy,35,29.17
INFORMATION-TECHNOLOGY,120,linux,33,27.5
INFORMATION-TECHNOLOGY,120,excel,31,25.83
INFORMATION-TECHNOLOGY,120,contract drafting,28,23.33
INFORMATION-TECHNOLOGY,120,sales,28,23.33
INFORMATION-TECHNOLOGY,120,intellectual property,26,21.67
INFORMATION-TECHNOLOGY,120,marketing,26,21.67
INFORMATION-TECHNOLOGY,120,cyber security,24,20.0
INFORMATION-TECHNOLOGY,120,html,23,19.17
INFORMATION-TECHNOLOGY,120,crm,18,15.0
INFORMATION-TECHNOLOGY,120,billing,16,13.33
INFORMATION-TECHNOLOGY,120,auditing,15,12.5
INFORMATION-TECHNOLOGY,120,sap,15,12.5
INFORMATION-TECHNOLOGY,120,financial analysis,15,12.5
INFORMATION-TECHNOLOGY,120,accounting,15,12.5
INFORMATION-TECHNOLOGY,120,mentoring,14,11.67
INFORMATION-TECHNOLOGY,120,change management,14,11.67
INFORMATION-TECHNOLOGY,120,java,13,10.83
INFORMATION-TECHNOLOGY,120,risk management,13,10.83
INFORMATION-TECHNOLOGY,120,css,12,10.0
INFORMATION-TECHNOLOGY,120,php,12,10.0
INFORMATION-TECHNOLOGY,120,electrical circuits,12,10.0
INFORMATION-TECHNOLOGY,120,agile,11,9.17
INFORMATION-TECHNOLOGY,120,ui/ux,11,9.17
INFORMATION-TECHNOLOGY,120,negotiation,11,9.17
INFORMATION-TECHNOLOGY,120,javascript,10,8.33
INFORMATION-TECHNOLOGY,120,vehicle diagnostics,10,8.33
INFORMATION-TECHNOLOGY,120,diagnosis,9,7.5
INFORMATION-TECHNOLOGY,120,conflict resolution,9,7.5
INFORMATION-TECHNOLOGY,120,recruitment,9,7.5
INFORMATION-TECHNOLOGY,120,photoshop,9,7.5
INFORMATION-TECHNOLOGY,120,forecasting,9,7.5
INFORMATION-TECHNOLOGY,120,public speaking,8,6.67
INFORMATION-TECHNOLOGY,120,python,7,5.83
INFORMATION-TECHNOLOGY,120,banking,6,5.0
INFORMATION-TECHNOLOGY,120,business analysis,6,5.0
INFORMATION-TECHNOLOGY,120,medical records,6,5.0
INFORMATION-TECHNOLOGY,120,call center,6,5.0
INFORMATION-TECHNOLOGY,120,illustrator,6,5.0
INFORMATION-TECHNOLOGY,120,aws,6,5.0
INFORMATION-TECHNOLOGY,120,data entry,6,5.0
INFORMATION-TECHNOLOGY,120,azure,5,4.17
INFORMATION-TECHNOLOGY,120,social media,5,4.17
INFORMATION-TECHNOLOGY,120,engine tuning,5,4.17
INFORMATION-TECHNOLOGY,120,taxation,5,4.17
INFORMATION-TECHNOLOGY,120,advertising,5,4.17
INFORMATION-TECHNOLOGY,120,clinical,5,4.17
INFORMATION-TECHNOLOGY,120,payroll,5,4.17
INFORMATION-TECHNOLOGY,120,curriculum development,4,3.33
INFORMATION-TECHNOLOGY,120,git,4,3.33
INFORMATION-TECHNOLOGY,120,tutoring,4,3.33
INFORMATION-TECHNOLOGY,120,quickbooks,4,3.33
INFORMATION-TECHNOLOGY,120,interviewing,4,3.33
INFORMATION-TECHNOLOGY,120,hr policies,4,3.33
INFORMATION-TECHNOLOGY,120,litigation,4,3.33
INFORMATION-TECHNOLOGY,120,onboarding,4,3.33
INFORMATION-TECHNOLOGY,120,photography,3,2.5
INFORMATION-TECHNOLOGY,120,performance management,3,2.5
INFORMATION-TECHNOLOGY,120,patient care,3,2.5
INFORMATION-TECHNOLOGY,120,pharmacology,3,2.5
INFORMATION-TECHNOLOGY,120,farming,3,2.5
INFORMATION-TECHNOLOGY,120,typescript,3,2.5
INFORMATION-TECHNOLOGY,120,seo,2,1.67
INFORMATION-TECHNOLOGY,120,graphic design,2,1.67
INFORMATION-TECHNOLOGY,120,solidworks,2,1.67
INFORMATION-TECHNOLOGY,120,artificial intelligence,2,1.67
INFORMATION-TECHNOLOGY,120,employee relations,2,1.67
INFORMATION-TECHNOLOGY,120,sketching,2,1.67
INFORMATION-TECHNOLOGY,120,sem,2,1.67
INFORMATION-TECHNOLOGY,120,event planning,2,1.67
INFORMATION-TECHNOLOGY,120,indesign,2,1.67
INFORMATION-TECHNOLOGY,120,brand management,2,1.67
INFORMATION-TECHNOLOGY,120,client acquisition,2,1.67
INFORMATION-TECHNOLOGY,120,portfolio management,2,1.67
INFORMATION-TECHNOLOGY,120,piloting,2,1.67
INFORMATION-TECHNOLOGY,120,matlab,1,0.83
INFORMATION-TECHNOLOGY,120,video editing,1,0.83
INFORMATION-TECHNOLOGY,120,educational technology,1,0.83
INFORMATION-TECHNOLOGY,120,ledger,1,0.83
INFORMATION-TECHNOLOGY,120,vue,1,0.83
INFORMATION-TECHNOLOGY,120,3d modeling,1,0.83
INFORMATION-TECHNOLOGY,120,soil science,1,0.83
INFORMATION-TECHNOLOGY,120,kitchen management,1,0.83
INFORMATION-TECHNOLOGY,120,food safety,1,0.83
INFORMATION-TECHNOLOGY,120,nursing,1,0.83
INFORMATION-TECHNOLOGY,120,cpr,1,0.83
INFORMATION-TECHNOLOGY,120,first aid,1,0.83
INFORMATION-TECHNOLOGY,120,merchandising,1,0.83
INFORMATION-TECHNOLOGY,120,auto repair,1,0.83
INFORMATION-TECHNOLOGY,120,nutrition planning,1,0.83
INFORMATION-TECHNOLOGY,120,blueprint reading,1,0.83
INFORMATION-TECHNOLOGY,120,nosql,1,0.83
INFORMATION-TECHNOLOGY,120,curating,1,0.83
INFORMATION-TECHNOLOGY,120,legal research,1,0.83
PUBLIC-RELATIONS,111,training,98,88.29
PUBLIC-RELATIONS,111,marketing,91,81.98
PUBLIC-RELATIONS,111,social media,72,64.86
PUBLIC-RELATIONS,111,media relations,71,63.96
PUBLIC-RELATIONS,111,budgeting,60,54.05
PUBLIC-RELATIONS,111,sales,60,54.05
PUBLIC-RELATIONS,111,leadership,59,53.15
PUBLIC-RELATIONS,111,advertising,57,51.35
PUBLIC-RELATIONS,111,strategy,54,48.65
PUBLIC-RELATIONS,111,excel,47,42.34
PUBLIC-RELATIONS,111,customer support,39,35.14
PUBLIC-RELATIONS,111,event planning,37,33.33
PUBLIC-RELATIONS,111,public speaking,33,29.73
PUBLIC-RELATIONS,111,brand management,31,27.93
PUBLIC-RELATIONS,111,photoshop,30,27.03
PUBLIC-RELATIONS,111,recruitment,28,25.23
PUBLIC-RELATIONS,111,networks,22,19.82
PUBLIC-RELATIONS,111,photography,21,18.92
PUBLIC-RELATIONS,111,financial analysis,18,16.22
PUBLIC-RELATIONS,111,billing,17,15.32
PUBLIC-RELATIONS,111,graphic design,16,14.41
PUBLIC-RELATIONS,111,payroll,15,13.51
PUBLIC-RELATIONS,111,compliance,15,13.51
PUBLIC-RELATIONS,111,content creation,15,13.51
PUBLIC-RELATIONS,111,market research,15,13.51
PUBLIC-RELATIONS,111,contract drafting,15,13.51
PUBLIC-RELATIONS,111,hr policies,14,12.61
PUBLIC-RELATIONS,111,indesign,14,12.61
PUBLIC-RELATIONS,111,accounting,14,12.61
PUBLIC-RELATIONS,111,illustrator,13,11.71
PUBLIC-RELATIONS,111,negotiation,13,11.71
PUBLIC-RELATIONS,111,interviewing,13,11.71
PUBLIC-RELATIONS,111,mentoring,13,11.71
PUBLIC-RELATIONS,111,banking,12,10.81
PUBLIC-RELATIONS,111,auditing,10,9.01
PUBLIC-RELATIONS,111,crm,10,9.01
PUBLIC-RELATIONS,111,seo,10,9.01
PUBLIC-RELATIONS,111,taxation,8,7.21
PUBLIC-RELATIONS,111,merchandising,8,7.21
PUBLIC-RELATIONS,111,crisis communication,7,6.31
PUBLIC-RELATIONS,111,client acquisition,7,6.31
PUBLIC-RELATIONS,111,forecasting,7,6.31
PUBLIC-RELATIONS,111,clinical,7,6.31
PUBLIC-RELATIONS,111,conflict resolution,6,5.41
PUBLIC-RELATIONS,111,nursing,6,5.41
PUBLIC-RELATIONS,111,kitchen management,5,4.5
PUBLIC-RELATIONS,111,curriculum development,5,4.5
PUBLIC-RELATIONS,111,menu planning,5,4.5
PUBLIC-RELATIONS,111,change management,4,3.6
PUBLIC-RELATIONS,111,patient care,4,3.6
PUBLIC-RELATIONS,111,employee relations,3,2.7
PUBLIC-RELATIONS,111,html,3,2.7
PUBLIC-RELATIONS,111,quickbooks,3,2.7
PUBLIC-RELATIONS,111,yoga,3,2.7
PUBLIC-RELATIONS,111,tutoring,3,2.7
PUBLIC-RELATIONS,111,medical records,3,2.7
PUBLIC-RELATIONS,111,culinary arts,3,2.7
PUBLIC-RELATIONS,111,data entry,3,2.7
PUBLIC-RELATIONS,111,creative direction,3,2.7
PUBLIC-RELATIONS,111,video editing,3,2.7
PUBLIC-RELATIONS,111,curating,3,2.7
PUBLIC-RELATIONS,111,reconciliation,2,1.8
PUBLIC-RELATIONS,111,cpr,2,1.8
PUBLIC-RELATIONS,111,sem,2,1.8
PUBLIC-RELATIONS,111,nutrition planning,2,1.8
PUBLIC-RELATIONS,111,sql,2,1.8
PUBLIC-RELATIONS,111,performance management,2,1.8
PUBLIC-RELATIONS,111,food preparation,2,1.8
PUBLIC-RELATIONS,111,ui/ux,2,1.8
PUBLIC-RELATIONS,111,ledger,2,1.8
PUBLIC-RELATIONS,111,agile,2,1.8
PUBLIC-RELATIONS,111,farming,2,1.8
PUBLIC-RELATIONS,111,engine tuning,2,1.8
PUBLIC-RELATIONS,111,pharmacology,2,1.8
PUBLIC-RELATIONS,111,litigation,2,1.8
PUBLIC-RELATIONS,111,partnership development,2,1.8
PUBLIC-RELATIONS,111,risk management,2,1.8
PUBLIC-RELATIONS,111,diagnosis,1,0.9
PUBLIC-RELATIONS,111,aml,1,0.9
PUBLIC-RELATIONS,111,kyc,1,0.9
PUBLIC-RELATIONS,111,talent acquisition,1,0.9
PUBLIC-RELATIONS,111,call center,1,0.9
PUBLIC-RELATIONS,111,python,1,0.9
PUBLIC-RELATIONS,111,linux,1,0.9
PUBLIC-RELATIONS,111,3d modeling,1,0.9
PUBLIC-RELATIONS,111,gaap,1,0.9
PUBLIC-RELATIONS,111,advocacy,1,0.9
PUBLIC-RELATIONS,111,technical support,1,0.9
PUBLIC-RELATIONS,111,machine learning,1,0.9
PUBLIC-RELATIONS,111,artificial intelligence,1,0.9
PUBLIC-RELATIONS,111,safety management,1,0.9
PUBLIC-RELATIONS,111,sketching,1,0.9
PUBLIC-RELATIONS,111,first aid,1,0.9
PUBLIC-RELATIONS,111,pest control,1,0.9
PUBLIC-RELATIONS,111,surgery,1,0.9
PUBLIC-RELATIONS,111,blueprint reading,1,0.9
PUBLIC-RELATIONS,111,css,1,0.9
PUBLIC-RELATIONS,111,typescript,1,0.9
PUBLIC-RELATIONS,111,lead generation,1,0.9
PUBLIC-RELATIONS,111,gcp,1,0.9
PUBLIC-RELATIONS,111,electrical circuits,1,0.9
PUBLIC-RELATIONS,111,legal counsel,1,0.9
PUBLIC-RELATIONS,111,sap,1,0.9
SALES,116,sales,116,100.0
SALES,116,customer support,88,75.86
SALES,116,training,85,73.28
SALES,116,marketing,52,44.83
SALES,116,leadership,43,37.07
SALES,116,excel,35,30.17
SALES,116,merchandising,33,28.45
SALES,116,advertising,25,21.55
SALES,116,contract drafting,24,20.69
SALES,116,budgeting,22,18.97
SALES,116,billing,21,18.1
SALES,116,compliance,20,17.24
SALES,116,public speaking,18,15.52
SALES,116,recruitment,16,13.79
SALES,116,accounting,15,12.93
SALES,116,client acquisition,14,12.07
SALES,116,banking,14,12.07
SALES,116,negotiation,13,11.21
SALES,116,menu planning,13,11.21
SALES,116,kitchen management,12,10.34
SALES,116,social media,12,10.34
SALES,116,crm,11,9.48
SALES,116,networks,11,9.48
SALES,116,forecasting,10,8.62
SALES,116,strategy,10,8.62
SALES,116,payroll,10,8.62
SALES,116,financial analysis,9,7.76
SALES,116,reconciliation,9,7.76
SALES,116,culinary arts,8,6.9
SALES,116,mentoring,8,6.9
SALES,116,conflict resolution,8,6.9
SALES,116,hr policies,7,6.03
SALES,116,photoshop,6,5.17
SALES,116,illustrator,6,5.17
SALES,116,data entry,6,5.17
SALES,116,food preparation,6,5.17
SALES,116,auditing,5,4.31
SALES,116,html,5,4.31
SALES,116,call center,5,4.31
SALES,116,cpr,5,4.31
SALES,116,safety management,5,4.31
SALES,116,nursing,5,4.31
SALES,116,technical support,5,4.31
SALES,116,photography,4,3.45
SALES,116,employee relations,4,3.45
SALES,116,sap,4,3.45
SALES,116,clinical,4,3.45
SALES,116,surgery,4,3.45
SALES,116,curriculum development,4,3.45
SALES,116,telemarketing,4,3.45
SALES,116,sql,4,3.45
SALES,116,patient care,4,3.45
SALES,116,electrical circuits,3,2.59
SALES,116,event planning,3,2.59
SALES,116,first aid,3,2.59
SALES,116,change management,3,2.59
SALES,116,performance management,3,2.59
SALES,116,pharmacology,3,2.59
SALES,116,diagnosis,3,2.59
SALES,116,food safety,3,2.59
SALES,116,blueprint reading,3,2.59
SALES,116,medical records,3,2.59
SALES,116,brand management,3,2.59
SALES,116,onboarding,2,1.72
SALES,116,lead generation,2,1.72
SALES,116,sem,2,1.72
SALES,116,nutrition planning,2,1.72
SALES,116,taxation,2,1.72
SALES,116,interviewing,2,1.72
SALES,116,mediation,2,1.72
SALES,116,market research,2,1.72
SALES,116,agile,2,1.72
SALES,116,quickbooks,2,1.72
SALES,116,risk management,2,1.72
SALES,116,graphic design,2,1.72
SALES,116,painting,1,0.86
SALES,116,machine learning,1,0.86
SALES,116,media relations,1,0.86
SALES,116,intellectual property,1,0.86
SALES,116,masonry,1,0.86
SALES,116,plating,1,0.86
SALES,116,javascript,1,0.86
SALES,116,css,1,0.86
SALES,116,crisis communication,1,0.86
SALES,116,linux,1,0.86
SALES,116,textiles,1,0.86
SALES,116,process optimization,1,0.86
SALES,116,seo,1,0.86
SALES,116,indesign,1,0.86
SALES,116,engine tuning,1,0.86
SALES,116,ledger,1,0.86
SALES,116,sketching,1,0.86
SALES,116,strength training,1,0.86
SALES,116,grading,1,0.86
SALES,116,special education,1,0.86
SALES,116,litigation,1,0.86
SALES,116,yoga,1,0.86
SALES,116,3d modeling,1,0.86
SALES,116,aircraft maintenance,1,0.86
TEACHER,102,training,87,85.29
TEACHER,102,curriculum development,56,54.9
TEACHER,102,leadership,39,38.24
TEACHER,102,classroom management,31,30.39
TEACHER,102,excel,28,27.45
TEACHER,102,customer support,26,25.49
TEACHER,102,sales,25,24.51
TEACHER,102,lesson planning,25,24.51
TEACHER,102,tutoring,24,23.53
TEACHER,102,cpr,22,21.57
TEACHER,102,special education,20,19.61
TEACHER,102,first aid,18,17.65
TEACHER,102,mentoring,18,17.65
TEACHER,102,budgeting,18,17.65
TEACHER,102,compliance,15,14.71
TEACHER,102,public speaking,13,12.75
TEACHER,102,recruitment,12,11.76
TEACHER,102,marketing,11,10.78
TEACHER,102,accounting,11,10.78
TEACHER,102,grading,10,9.8
TEACHER,102,social media,10,9.8
TEACHER,102,billing,10,9.8
TEACHER,102,sketching,9,8.82
TEACHER,102,conflict resolution,8,7.84
TEACHER,102,payroll,8,7.84
TEACHER,102,interviewing,8,7.84
TEACHER,102,painting,8,7.84
TEACHER,102,contract drafting,7,6.86
TEACHER,102,advertising,7,6.86
TEACHER,102,banking,6,5.88
TEACHER,102,clinical,5,4.9
TEACHER,102,hr policies,5,4.9
TEACHER,102,photoshop,5,4.9
TEACHER,102,nutrition planning,5,4.9
TEACHER,102,quickbooks,4,3.92
TEACHER,102,diagnosis,4,3.92
TEACHER,102,piloting,4,3.92
TEACHER,102,nursing,4,3.92
TEACHER,102,mediation,4,3.92
TEACHER,102,data entry,4,3.92
TEACHER,102,litigation,4,3.92
TEACHER,102,strategy,3,2.94
TEACHER,102,client acquisition,3,2.94
TEACHER,102,advocacy,3,2.94
TEACHER,102,auditing,3,2.94
TEACHER,102,taxation,3,2.94
TEACHER,102,medical records,3,2.94
TEACHER,102,sap,3,2.94
TEACHER,102,financial analysis,2,1.96
TEACHER,102,networks,2,1.96
TEACHER,102,culinary arts,2,1.96
TEACHER,102,patient care,2,1.96
TEACHER,102,strength training,2,1.96
TEACHER,102,reconciliation,2,1.96
TEACHER,102,safety management,2,1.96
TEACHER,102,food safety,2,1.96
TEACHER,102,tailoring,2,1.96
TEACHER,102,food preparation,2,1.96
TEACHER,102,merchandising,2,1.96
TEACHER,102,event planning,2,1.96
TEACHER,102,brand management,1,0.98
TEACHER,102,negotiation,1,0.98
TEACHER,102,portfolio management,1,0.98
TEACHER,102,technical support,1,0.98
TEACHER,102,photography,1,0.98
TEACHER,102,menu planning,1,0.98
TEACHER,102,illustrator,1,0.98
TEACHER,102,call center,1,0.98
TEACHER,102,crm,1,0.98
TEACHER,102,brake systems,1,0.98
TEACHER,102,html,1,0.98
TEACHER,102,css,1,0.98
TEACHER,102,3d modeling,1,0.98
TEACHER,102,soil science,1,0.98
TEACHER,102,blueprint reading,1,0.98
TEACHER,102,solidworks,1,0.98
TEACHER,102,market research,1,0.98
TEACHER,102,seo,1,0.98
TEACHER,102,yoga,1,0.98
TEACHER,102,pedagogy,1,0.98
TEACHER,102,auto repair,1,0.98
TEACHER,102,content creation,1,0.98
TEACHER,102,graphic design,1,0.98
TEACHER,102,onboarding,1,0.98
